# Blender 5.2.2 LTS
# www.blender.org
mtllib unit-002.mtl
g Pedestal_Cylinder
v 0.000000 0.415000 -0.400000
v 0.000000 0.505000 -0.400000
v 0.346410 0.415000 -0.200000
v 0.346410 0.505000 -0.200000
v 0.346410 0.415000 0.200000
v 0.346410 0.505000 0.200000
v 0.000000 0.415000 0.400000
v 0.000000 0.505000 0.400000
v -0.346410 0.415000 0.200000
v -0.346410 0.505000 0.200000
v -0.346410 0.415000 -0.200000
v -0.346410 0.505000 -0.200000
vn 0.5000 -0.0000 -0.8660
vn 1.0000 -0.0000 -0.0000
vn 0.5000 -0.0000 0.8660
vn -0.5000 -0.0000 0.8660
vn -0.0000 1.0000 -0.0000
vn -1.0000 -0.0000 -0.0000
vn -0.5000 -0.0000 -0.8660
vn -0.0000 -1.0000 -0.0000
vt 1.000000 0.500000
vt 1.000000 1.000000
vt 0.833333 1.000000
vt 0.833333 0.500000
vt 0.666667 1.000000
vt 0.666667 0.500000
vt 0.500000 1.000000
vt 0.500000 0.500000
vt 0.333333 1.000000
vt 0.333333 0.500000
vt 0.457846 0.370000
vt 0.250000 0.490000
vt 0.042154 0.370000
vt 0.042154 0.130000
vt 0.250000 0.010000
vt 0.457846 0.130000
vt 0.166667 1.000000
vt 0.166667 0.500000
vt -0.000000 1.000000
vt -0.000000 0.500000
vt 0.750000 0.490000
vt 0.957846 0.370000
vt 0.957846 0.130000
vt 0.750000 0.010000
vt 0.542154 0.130000
vt 0.542154 0.370000
s 0
g Pedestal_dark
usemtl dark
f 1/1/1 2/2/1 4/3/1 3/4/1
f 3/4/2 4/3/2 6/5/2 5/6/2
f 5/6/3 6/5/3 8/7/3 7/8/3
f 7/8/4 8/7/4 10/9/4 9/10/4
f 4/11/5 2/12/5 12/13/5 10/14/5 8/15/5 6/16/5
f 9/10/6 10/9/6 12/17/6 11/18/6
f 11/18/7 12/17/7 2/19/7 1/20/7
f 1/21/8 3/22/8 5/23/8 7/24/8 9/25/8 11/26/8
g Pedestal_Rim_Torus
v 0.395079 0.505000 -0.113287
v 0.384505 0.516000 -0.110255
v 0.373931 0.505000 -0.107223
v 0.384505 0.494000 -0.110255
v 0.099430 0.505000 -0.398792
v 0.096769 0.516000 -0.388118
v 0.094108 0.505000 -0.377445
v 0.096769 0.494000 -0.388118
v -0.295649 0.505000 -0.285505
v -0.287736 0.516000 -0.277863
v -0.279823 0.505000 -0.270222
v -0.287736 0.494000 -0.277863
v -0.395079 0.505000 0.113287
v -0.384505 0.516000 0.110255
v -0.373931 0.505000 0.107223
v -0.384505 0.494000 0.110255
v -0.099430 0.505000 0.398792
v -0.096769 0.516000 0.388118
v -0.094108 0.505000 0.377445
v -0.096769 0.494000 0.388118
v 0.295649 0.505000 0.285505
v 0.287736 0.516000 0.277863
v 0.279823 0.505000 0.270222
v 0.287736 0.494000 0.277863
vn 0.5251 0.6547 -0.5438
vn -0.5251 0.6547 0.5438
vn -0.5251 -0.6547 0.5438
vn 0.5251 -0.6547 -0.5438
vn -0.2084 0.6547 -0.7266
vn 0.2084 0.6547 0.7266
vn 0.2084 -0.6547 0.7266
vn -0.2084 -0.6547 -0.7266
vn -0.7335 0.6547 -0.1829
vn 0.7335 0.6547 0.1829
vn 0.7335 -0.6547 0.1829
vn -0.7335 -0.6547 -0.1829
vt 0.500000 0.500000
vt 0.666667 0.500000
vt 0.666667 0.750000
vt 0.500000 0.750000
vt 0.666667 1.000000
vt 0.500000 1.000000
vt 0.500000 0.000000
vt 0.666667 0.000000
vt 0.666667 0.250000
vt 0.500000 0.250000
vt 0.833333 0.500000
vt 0.833333 0.750000
vt 0.833333 1.000000
vt 0.833333 0.000000
vt 0.833333 0.250000
vt 1.000000 0.500000
vt 1.000000 0.750000
vt 1.000000 1.000000
vt 1.000000 0.000000
vt 1.000000 0.250000
vt -0.000000 0.500000
vt 0.166667 0.500000
vt 0.166667 0.750000
vt -0.000000 0.750000
vt 0.166667 1.000000
vt -0.000000 1.000000
vt -0.000000 0.000000
vt 0.166667 0.000000
vt 0.166667 0.250000
vt -0.000000 0.250000
vt 0.333333 0.500000
vt 0.333333 0.750000
vt 0.333333 1.000000
vt 0.333333 0.000000
vt 0.333333 0.250000
s 0
g Pedestal_Rim_glow
usemtl glow
f 13/27/9 17/28/9 18/29/9 14/30/9
f 14/30/10 18/29/10 19/31/10 15/32/10
f 15/33/11 19/34/11 20/35/11 16/36/11
f 16/36/12 20/35/12 17/28/12 13/27/12
f 17/28/13 21/37/13 22/38/13 18/29/13
f 18/29/14 22/38/14 23/39/14 19/31/14
f 19/34/15 23/40/15 24/41/15 20/35/15
f 20/35/16 24/41/16 21/37/16 17/28/16
f 21/37/17 25/42/17 26/43/17 22/38/17
f 22/38/18 26/43/18 27/44/18 23/39/18
f 23/40/19 27/45/19 28/46/19 24/41/19
f 24/41/20 28/46/20 25/42/20 21/37/20
f 25/47/10 29/48/10 30/49/10 26/50/10
f 26/50/9 30/49/9 31/51/9 27/52/9
f 27/53/12 31/54/12 32/55/12 28/56/12
f 28/56/11 32/55/11 29/48/11 25/47/11
f 29/48/14 33/57/14 34/58/14 30/49/14
f 30/49/13 34/58/13 35/59/13 31/51/13
f 31/54/16 35/60/16 36/61/16 32/55/16
f 32/55/15 36/61/15 33/57/15 29/48/15
f 33/57/18 13/27/18 14/30/18 34/58/18
f 34/58/17 14/30/17 15/32/17 35/59/17
f 35/60/20 15/33/20 16/36/20 36/61/20
f 36/61/19 16/36/19 13/27/19 33/57/19
g Leg_L_Cylinder.001
v -0.107846 0.500000 -0.069211
v -0.107846 0.940000 -0.069211
v -0.046262 0.500000 -0.058668
v -0.046262 0.940000 -0.058668
v -0.016108 0.500000 -0.003947
v -0.016108 0.940000 -0.003947
v -0.040090 0.500000 0.053746
v -0.040090 0.940000 0.053746
v -0.100149 0.500000 0.070968
v -0.100149 0.940000 0.070968
v -0.151059 0.500000 0.034749
v -0.151059 0.940000 0.034749
v -0.154485 0.500000 -0.027636
v -0.154485 0.940000 -0.027636
vn 0.1687 -0.0000 -0.9857
vn 0.8758 -0.0000 -0.4826
vn 0.9234 -0.0000 0.3838
vn 0.2756 -0.0000 0.9613
vn -0.5797 -0.0000 0.8148
vn -0.0000 1.0000 -0.0000
vn -0.9985 -0.0000 0.0548
vn -0.6654 -0.0000 -0.7465
vn -0.0000 -1.0000 -0.0000
vt 1.000000 0.500000
vt 1.000000 1.000000
vt 0.857143 1.000000
vt 0.857143 0.500000
vt 0.714286 1.000000
vt 0.714286 0.500000
vt 0.571429 1.000000
vt 0.571429 0.500000
vt 0.428571 1.000000
vt 0.428571 0.500000
vt 0.285714 1.000000
vt 0.285714 0.500000
vt 0.437640 0.399638
vt 0.250000 0.490000
vt 0.062360 0.399638
vt 0.016017 0.196595
vt 0.145868 0.033767
vt 0.354132 0.033767
vt 0.483983 0.196595
vt 0.142857 1.000000
vt 0.142857 0.500000
vt 0.000000 1.000000
vt 0.000000 0.500000
vt 0.750000 0.490000
vt 0.937640 0.399638
vt 0.983983 0.196595
vt 0.854132 0.033767
vt 0.645868 0.033767
vt 0.516017 0.196595
vt 0.562360 0.399638
s 0
g Leg_L_suit
usemtl suit
f 37/62/21 38/63/21 40/64/21 39/65/21
f 39/65/22 40/64/22 42/66/22 41/67/22
f 41/67/23 42/66/23 44/68/23 43/69/23
f 43/69/24 44/68/24 46/70/24 45/71/24
f 45/71/25 46/70/25 48/72/25 47/73/25
f 40/74/26 38/75/26 50/76/26 48/77/26 46/78/26 44/79/26 42/80/26
f 47/73/27 48/72/27 50/81/27 49/82/27
f 49/82/28 50/81/28 38/83/28 37/84/28
f 37/85/29 39/86/29 41/87/29 43/88/29 45/89/29 47/90/29 49/91/29
g Boot_L_Cube
v -0.102544 0.513750 0.081585
v -0.102544 0.556250 0.081585
v -0.128729 0.513750 -0.009735
v -0.128729 0.556250 -0.009735
v -0.047271 0.513750 0.065735
v -0.047271 0.556250 0.065735
v -0.073456 0.513750 -0.025585
v -0.073456 0.556250 -0.025585
vn -0.9613 -0.0000 0.2756
vn -0.2756 -0.0000 -0.9613
vn 0.9613 -0.0000 -0.2756
vn 0.2756 -0.0000 0.9613
vn -0.0000 -1.0000 -0.0000
vn -0.0000 1.0000 -0.0000
vt 0.375000 0.000000
vt 0.625000 0.000000
vt 0.625000 0.250000
vt 0.375000 0.250000
vt 0.625000 0.500000
vt 0.375000 0.500000
vt 0.625000 0.750000
vt 0.375000 0.750000
vt 0.625000 1.000000
vt 0.375000 1.000000
vt 0.125000 0.500000
vt 0.125000 0.750000
vt 0.875000 0.500000
vt 0.875000 0.750000
s 0
g Boot_L_armor
usemtl armor
f 51/92/30 52/93/30 54/94/30 53/95/30
f 53/95/31 54/94/31 58/96/31 57/97/31
f 57/97/32 58/96/32 56/98/32 55/99/32
f 55/99/33 56/98/33 52/100/33 51/101/33
f 53/102/34 57/97/34 55/99/34 51/103/34
f 58/96/35 54/104/35 52/105/35 56/98/35
g Leg_R_Cylinder.002
v 0.068154 0.500000 -0.069211
v 0.068154 0.940000 -0.069211
v 0.129737 0.500000 -0.058668
v 0.129737 0.940000 -0.058668
v 0.159892 0.500000 -0.003947
v 0.159892 0.940000 -0.003947
v 0.135910 0.500000 0.053746
v 0.135910 0.940000 0.053746
v 0.075851 0.500000 0.070968
v 0.075851 0.940000 0.070968
v 0.024941 0.500000 0.034749
v 0.024941 0.940000 0.034749
v 0.021515 0.500000 -0.027636
v 0.021515 0.940000 -0.027636
vn 0.1687 -0.0000 -0.9857
vn 0.8758 -0.0000 -0.4826
vn 0.9234 -0.0000 0.3838
vn 0.2756 -0.0000 0.9613
vn -0.5797 -0.0000 0.8148
vn -0.0000 1.0000 -0.0000
vn -0.9985 -0.0000 0.0548
vn -0.6654 -0.0000 -0.7465
vn -0.0000 -1.0000 -0.0000
vt 1.000000 0.500000
vt 1.000000 1.000000
vt 0.857143 1.000000
vt 0.857143 0.500000
vt 0.714286 1.000000
vt 0.714286 0.500000
vt 0.571429 1.000000
vt 0.571429 0.500000
vt 0.428571 1.000000
vt 0.428571 0.500000
vt 0.285714 1.000000
vt 0.285714 0.500000
vt 0.437640 0.399638
vt 0.250000 0.490000
vt 0.062360 0.399638
vt 0.016017 0.196595
vt 0.145868 0.033767
vt 0.354132 0.033767
vt 0.483983 0.196595
vt 0.142857 1.000000
vt 0.142857 0.500000
vt 0.000000 1.000000
vt 0.000000 0.500000
vt 0.750000 0.490000
vt 0.937640 0.399638
vt 0.983983 0.196595
vt 0.854132 0.033767
vt 0.645868 0.033767
vt 0.516017 0.196595
vt 0.562360 0.399638
s 0
g Leg_R_suit
usemtl suit
f 59/106/36 60/107/36 62/108/36 61/109/36
f 61/109/37 62/108/37 64/110/37 63/111/37
f 63/111/38 64/110/38 66/112/38 65/113/38
f 65/113/39 66/112/39 68/114/39 67/115/39
f 67/115/40 68/114/40 70/116/40 69/117/40
f 62/118/41 60/119/41 72/120/41 70/121/41 68/122/41 66/123/41 64/124/41
f 69/117/42 70/116/42 72/125/42 71/126/42
f 71/126/43 72/125/43 60/127/43 59/128/43
f 59/129/44 61/130/44 63/131/44 65/132/44 67/133/44 69/134/44 71/135/44
g Boot_R_Cube.001
v 0.073456 0.513750 0.081585
v 0.073456 0.556250 0.081585
v 0.047271 0.513750 -0.009735
v 0.047271 0.556250 -0.009735
v 0.128729 0.513750 0.065735
v 0.128729 0.556250 0.065735
v 0.102544 0.513750 -0.025585
v 0.102544 0.556250 -0.025585
vn -0.9613 -0.0000 0.2756
vn -0.2756 -0.0000 -0.9613
vn 0.9613 -0.0000 -0.2756
vn 0.2756 -0.0000 0.9613
vn -0.0000 -1.0000 -0.0000
vn -0.0000 1.0000 -0.0000
vt 0.375000 0.000000
vt 0.625000 0.000000
vt 0.625000 0.250000
vt 0.375000 0.250000
vt 0.625000 0.500000
vt 0.375000 0.500000
vt 0.625000 0.750000
vt 0.375000 0.750000
vt 0.625000 1.000000
vt 0.375000 1.000000
vt 0.125000 0.500000
vt 0.125000 0.750000
vt 0.875000 0.500000
vt 0.875000 0.750000
s 0
g Boot_R_armor
usemtl armor
f 73/136/45 74/137/45 76/138/45 75/139/45
f 75/139/46 76/138/46 80/140/46 79/141/46
f 79/141/47 80/140/47 78/142/47 77/143/47
f 77/143/48 78/142/48 74/144/48 73/145/48
f 75/146/49 79/141/49 77/143/49 73/147/49
f 80/140/50 76/148/50 74/149/50 78/142/50
g Hips_Cube.002
v -0.045793 0.930000 0.053443
v -0.045793 0.980000 0.053443
v -0.067155 0.930000 -0.021055
v -0.067155 0.980000 -0.021055
v 0.067155 0.930000 0.021055
v 0.067155 0.980000 0.021055
v 0.045793 0.930000 -0.053443
v 0.045793 0.980000 -0.053443
vn -0.9613 -0.0000 0.2756
vn -0.2756 -0.0000 -0.9613
vn 0.9613 -0.0000 -0.2756
vn 0.2756 -0.0000 0.9613
vn -0.0000 -1.0000 -0.0000
vn -0.0000 1.0000 -0.0000
vt 0.375000 0.000000
vt 0.625000 0.000000
vt 0.625000 0.250000
vt 0.375000 0.250000
vt 0.625000 0.500000
vt 0.375000 0.500000
vt 0.625000 0.750000
vt 0.375000 0.750000
vt 0.625000 1.000000
vt 0.375000 1.000000
vt 0.125000 0.500000
vt 0.125000 0.750000
vt 0.875000 0.500000
vt 0.875000 0.750000
s 0
g Hips_suit
usemtl suit
f 81/150/51 82/151/51 84/152/51 83/153/51
f 83/153/52 84/152/52 88/154/52 87/155/52
f 87/155/53 88/154/53 86/156/53 85/157/53
f 85/157/54 86/156/54 82/158/54 81/159/54
f 83/160/55 87/155/55 85/157/55 81/161/55
f 88/154/56 84/162/56 82/163/56 86/156/56
g Torso_Cube.003
v -0.048713 1.087500 0.055851
v -0.048440 1.089600 0.056802
v -0.050183 1.089600 0.056272
v -0.048440 1.260400 0.056802
v -0.048713 1.262500 0.055851
v -0.050183 1.260400 0.056272
v -0.070907 1.087500 -0.021550
v -0.072378 1.089600 -0.021129
v -0.071180 1.089600 -0.022502
v -0.070907 1.262500 -0.021550
v -0.071180 1.260400 -0.022502
v -0.072378 1.260400 -0.021129
v 0.070907 1.087500 0.021550
v 0.072378 1.089600 0.021129
v 0.071180 1.089600 0.022502
v 0.070907 1.262500 0.021550
v 0.071180 1.260400 0.022502
v 0.072378 1.260400 0.021129
v 0.048713 1.087500 -0.055851
v 0.048440 1.089600 -0.056802
v 0.050183 1.089600 -0.056272
v 0.048713 1.262500 -0.055851
v 0.050183 1.260400 -0.056272
v 0.048440 1.260400 -0.056802
vn -0.2704 -0.3680 0.8896
vn -0.2704 0.3680 0.8896
vn -0.7007 -0.3680 -0.6112
vn -0.7007 0.3680 -0.6112
vn 0.7007 -0.3680 0.6112
vn 0.7007 0.3680 0.6112
vn 0.2704 -0.3680 -0.8896
vn 0.2704 0.3680 -0.8896
vn -0.7769 -0.5889 0.2228
vn -0.2908 -0.0000 0.9568
vn -0.7769 0.5889 0.2228
vn -0.7536 -0.0000 -0.6573
vn -0.2493 -0.4264 -0.8695
vn -0.2493 0.4264 -0.8695
vn 0.2908 -0.0000 -0.9568
vn 0.7769 -0.5889 -0.2228
vn 0.7769 0.5889 -0.2228
vn 0.7536 -0.0000 0.6573
vn 0.2493 -0.4264 0.8695
vn 0.2493 0.4264 0.8695
vn -0.0000 -1.0000 -0.0000
vn -0.9613 -0.0000 0.2756
vn 0.2756 -0.0000 0.9613
vn -0.0000 1.0000 -0.0000
vn -0.2756 -0.0000 -0.9613
vn 0.9613 -0.0000 -0.2756
vt 0.128000 0.747000
vt 0.128000 0.750000
vt 0.125000 0.747000
vt 0.622000 0.997000
vt 0.625000 0.997000
vt 0.622000 1.000000
vt 0.128000 0.503000
vt 0.125000 0.503000
vt 0.128000 0.500000
vt 0.625000 0.251000
vt 0.622000 0.253000
vt 0.622000 0.247750
vt 0.372000 0.747000
vt 0.377250 0.747000
vt 0.375000 0.751500
vt 0.626500 0.750000
vt 0.622000 0.753000
vt 0.622000 0.747750
vt 0.372000 0.503000
vt 0.375000 0.498500
vt 0.377250 0.503000
vt 0.626500 0.501500
vt 0.622000 0.503000
vt 0.622000 0.497750
vt 0.378000 0.000000
vt 0.622000 0.000000
vt 0.622000 0.003000
vt 0.378000 0.003000
vt 0.625000 0.003000
vt 0.378000 0.253000
vt 0.378000 0.247000
vt 0.378000 0.997000
vt 0.872000 0.503000
vt 0.872000 0.747000
s 0
g Torso_suit
usemtl suit
f 89/164/57 90/165/57 91/166/57
f 92/167/58 93/168/58 94/169/58
f 95/170/59 96/171/59 97/172/59
f 98/173/60 99/174/60 100/175/60
f 101/176/61 102/177/61 103/178/61
f 104/179/62 105/180/62 106/181/62
f 107/182/63 108/183/63 109/184/63
f 110/185/64 111/186/64 112/187/64
f 95/170/65 89/164/65 91/166/65 96/171/65
f 90/188/66 92/189/66 94/190/66 91/191/66
f 93/192/67 98/173/67 100/175/67 94/190/67
f 99/174/68 97/193/68 96/194/68 100/175/68
f 107/182/69 95/170/69 97/172/69 108/183/69
f 98/173/70 110/185/70 112/187/70 99/174/70
f 111/186/71 109/184/71 108/183/71 112/187/71
f 101/176/72 107/182/72 109/184/72 102/177/72
f 110/185/73 104/179/73 106/181/73 111/186/73
f 105/180/74 103/178/74 102/177/74 106/181/74
f 89/164/75 101/176/75 103/178/75 90/165/75
f 104/179/76 93/168/76 92/167/76 105/180/76
f 95/170/77 107/182/77 101/176/77 89/164/77
f 91/191/78 94/190/78 100/175/78 96/194/78
f 103/178/79 105/180/79 92/167/79 90/195/79
f 110/185/80 98/196/80 93/197/80 104/179/80
f 97/193/81 99/174/81 112/187/81 108/183/81
f 109/184/82 111/186/82 106/181/82 102/177/82
g Chest_Glow_Cube.004
v -0.017197 1.181250 0.096052
v -0.017197 1.248750 0.096052
v -0.018851 1.181250 0.090284
v -0.018851 1.248750 0.090284
v 0.018851 1.181250 0.085716
v 0.018851 1.248750 0.085716
v 0.017197 1.181250 0.079948
v 0.017197 1.248750 0.079948
vn -0.9613 -0.0000 0.2756
vn -0.2756 -0.0000 -0.9613
vn 0.9613 -0.0000 -0.2756
vn 0.2756 -0.0000 0.9613
vn -0.0000 -1.0000 -0.0000
vn -0.0000 1.0000 -0.0000
vt 0.375000 0.000000
vt 0.625000 0.000000
vt 0.625000 0.250000
vt 0.375000 0.250000
vt 0.625000 0.500000
vt 0.375000 0.500000
vt 0.625000 0.750000
vt 0.375000 0.750000
vt 0.625000 1.000000
vt 0.375000 1.000000
vt 0.125000 0.500000
vt 0.125000 0.750000
vt 0.875000 0.500000
vt 0.875000 0.750000
s 0
g Chest_Glow_glow
usemtl glow
f 113/198/83 114/199/83 116/200/83 115/201/83
f 115/201/84 116/200/84 120/202/84 119/203/84
f 119/203/85 120/202/85 118/204/85 117/205/85
f 117/205/86 118/204/86 114/206/86 113/207/86
f 115/208/87 119/203/87 117/205/87 113/209/87
f 120/202/88 116/210/88 114/211/88 118/204/88
g Chest_Plate_Cube.005
v -0.046685 1.071250 0.104588
v -0.046685 1.108750 0.104588
v -0.049441 1.071250 0.094976
v -0.049441 1.108750 0.094976
v 0.049441 1.071250 0.077024
v 0.049441 1.108750 0.077024
v 0.046685 1.071250 0.067412
v 0.046685 1.108750 0.067412
vn -0.9613 -0.0000 0.2756
vn -0.2756 -0.0000 -0.9613
vn 0.9613 -0.0000 -0.2756
vn 0.2756 -0.0000 0.9613
vn -0.0000 -1.0000 -0.0000
vn -0.0000 1.0000 -0.0000
vt 0.375000 0.000000
vt 0.625000 0.000000
vt 0.625000 0.250000
vt 0.375000 0.250000
vt 0.625000 0.500000
vt 0.375000 0.500000
vt 0.625000 0.750000
vt 0.375000 0.750000
vt 0.625000 1.000000
vt 0.375000 1.000000
vt 0.125000 0.500000
vt 0.125000 0.750000
vt 0.875000 0.500000
vt 0.875000 0.750000
s 0
g Chest_Plate_armor
usemtl armor
f 121/212/89 122/213/89 124/214/89 123/215/89
f 123/215/90 124/214/90 128/216/90 127/217/90
f 127/217/91 128/216/91 126/218/91 125/219/91
f 125/219/92 126/218/92 122/220/92 121/221/92
f 123/222/93 127/217/93 125/219/93 121/223/93
f 128/216/94 124/224/94 122/225/94 126/218/94
g Arm_L_Cylinder.003
v -0.189333 0.925000 -0.049986
v -0.189333 1.225000 -0.049986
v -0.144856 0.925000 -0.042372
v -0.144856 1.225000 -0.042372
v -0.123078 0.925000 -0.002851
v -0.123078 1.225000 -0.002851
v -0.140398 0.925000 0.038817
v -0.140398 1.225000 0.038817
v -0.183774 0.925000 0.051254
v -0.183774 1.225000 0.051254
v -0.220543 0.925000 0.025097
v -0.220543 1.225000 0.025097
v -0.223017 0.925000 -0.019959
v -0.223017 1.225000 -0.019959
vn 0.1687 -0.0000 -0.9857
vn 0.8758 -0.0000 -0.4826
vn 0.9234 -0.0000 0.3838
vn 0.2756 -0.0000 0.9613
vn -0.5797 -0.0000 0.8148
vn -0.0000 1.0000 -0.0000
vn -0.9985 -0.0000 0.0548
vn -0.6654 -0.0000 -0.7465
vn -0.0000 -1.0000 -0.0000
vt 1.000000 0.500000
vt 1.000000 1.000000
vt 0.857143 1.000000
vt 0.857143 0.500000
vt 0.714286 1.000000
vt 0.714286 0.500000
vt 0.571429 1.000000
vt 0.571429 0.500000
vt 0.428571 1.000000
vt 0.428571 0.500000
vt 0.285714 1.000000
vt 0.285714 0.500000
vt 0.437640 0.399638
vt 0.250000 0.490000
vt 0.062360 0.399638
vt 0.016017 0.196595
vt 0.145868 0.033767
vt 0.354132 0.033767
vt 0.483983 0.196595
vt 0.142857 1.000000
vt 0.142857 0.500000
vt 0.000000 1.000000
vt 0.000000 0.500000
vt 0.750000 0.490000
vt 0.937640 0.399638
vt 0.983983 0.196595
vt 0.854132 0.033767
vt 0.645868 0.033767
vt 0.516017 0.196595
vt 0.562360 0.399638
s 0
g Arm_L_suit
usemtl suit
f 129/226/95 130/227/95 132/228/95 131/229/95
f 131/229/96 132/228/96 134/230/96 133/231/96
f 133/231/97 134/230/97 136/232/97 135/233/97
f 135/233/98 136/232/98 138/234/98 137/235/98
f 137/235/99 138/234/99 140/236/99 139/237/99
f 132/238/100 130/239/100 142/240/100 140/241/100 138/242/100 136/243/100 134/244/100
f 139/237/101 140/236/101 142/245/101 141/246/101
f 141/246/102 142/245/102 130/247/102 129/248/102
f 129/249/103 131/250/103 133/251/103 135/252/103 137/253/103 139/254/103 141/255/103
g Hand_L_Icosphere
v -0.175000 0.862300 0.010000
v -0.122890 0.891432 0.028966
v -0.176935 0.891432 0.065420
v -0.228306 0.891432 0.025285
v -0.206009 0.891432 -0.035973
v -0.140859 0.891432 -0.033698
v -0.143991 0.938568 0.055973
v -0.209141 0.938568 0.053698
v -0.227110 0.938568 -0.008966
v -0.173065 0.938568 -0.045420
v -0.121694 0.938568 -0.005285
v -0.175000 0.967700 0.010000
vn 0.3045 -0.8387 0.4515
vn 0.5235 -0.8387 -0.1501
vn -0.3353 -0.8387 0.4292
vn -0.5118 -0.8387 -0.1863
vn 0.0190 -0.8387 -0.5443
vn 0.9379 -0.2192 -0.2689
vn 0.5456 -0.2192 0.8089
vn -0.6007 -0.2192 0.7689
vn -0.9168 -0.2192 -0.3337
vn 0.0341 -0.2192 -0.9751
vn 0.9168 0.2192 0.3337
vn -0.0341 0.2192 0.9751
vn -0.9379 0.2192 0.2689
vn -0.5456 0.2192 -0.8089
vn 0.6007 0.2192 -0.7689
vn 0.5118 0.8387 0.1863
vn -0.0190 0.8387 0.5443
vn -0.5235 0.8387 0.1501
vn -0.3045 0.8387 -0.4515
vn 0.3353 0.8387 -0.4292
vt 0.181819 0.000000
vt 0.272728 0.157461
vt 0.090910 0.157461
vt 0.363637 0.000000
vt 0.454546 0.157461
vt 0.909091 0.000000
vt 1.000000 0.157461
vt 0.818182 0.157461
vt 0.727273 0.000000
vt 0.636364 0.157461
vt 0.545455 0.000000
vt 0.363637 0.314921
vt 0.181819 0.314921
vt 0.909091 0.314921
vt 0.727273 0.314921
vt 0.545455 0.314921
vt 0.000000 0.314921
vt 0.272728 0.472382
vt 0.090910 0.472382
vt 0.818182 0.472382
vt 0.636364 0.472382
vt 0.454546 0.472382
s 0
g Hand_L_dark
usemtl dark
f 143/256/104 144/257/104 145/258/104
f 144/257/105 143/259/105 148/260/105
f 143/261/106 145/262/106 146/263/106
f 143/264/107 146/263/107 147/265/107
f 143/266/108 147/265/108 148/260/108
f 144/257/109 148/260/109 153/267/109
f 145/258/110 144/257/110 149/268/110
f 146/263/111 145/262/111 150/269/111
f 147/265/112 146/263/112 151/270/112
f 148/260/113 147/265/113 152/271/113
f 144/257/114 153/267/114 149/268/114
f 145/258/115 149/268/115 150/272/115
f 146/263/116 150/269/116 151/270/116
f 147/265/117 151/270/117 152/271/117
f 148/260/118 152/271/118 153/267/118
f 149/268/119 153/267/119 154/273/119
f 150/272/120 149/268/120 154/274/120
f 151/270/121 150/269/121 154/275/121
f 152/271/122 151/270/122 154/276/122
f 153/267/123 152/271/123 154/277/123
g Arm_R_Cylinder.004
v 0.160667 0.925000 -0.049986
v 0.160667 1.225000 -0.049986
v 0.205144 0.925000 -0.042372
v 0.205144 1.225000 -0.042372
v 0.226922 0.925000 -0.002851
v 0.226922 1.225000 -0.002851
v 0.209602 0.925000 0.038817
v 0.209602 1.225000 0.038817
v 0.166226 0.925000 0.051254
v 0.166226 1.225000 0.051254
v 0.129457 0.925000 0.025097
v 0.129457 1.225000 0.025097
v 0.126983 0.925000 -0.019959
v 0.126983 1.225000 -0.019959
vn 0.1687 -0.0000 -0.9857
vn 0.8758 -0.0000 -0.4826
vn 0.9234 -0.0000 0.3838
vn 0.2756 -0.0000 0.9613
vn -0.5797 -0.0000 0.8148
vn -0.0000 1.0000 -0.0000
vn -0.9985 -0.0000 0.0548
vn -0.6654 -0.0000 -0.7465
vn -0.0000 -1.0000 -0.0000
vt 1.000000 0.500000
vt 1.000000 1.000000
vt 0.857143 1.000000
vt 0.857143 0.500000
vt 0.714286 1.000000
vt 0.714286 0.500000
vt 0.571429 1.000000
vt 0.571429 0.500000
vt 0.428571 1.000000
vt 0.428571 0.500000
vt 0.285714 1.000000
vt 0.285714 0.500000
vt 0.437640 0.399638
vt 0.250000 0.490000
vt 0.062360 0.399638
vt 0.016017 0.196595
vt 0.145868 0.033767
vt 0.354132 0.033767
vt 0.483983 0.196595
vt 0.142857 1.000000
vt 0.142857 0.500000
vt 0.000000 1.000000
vt 0.000000 0.500000
vt 0.750000 0.490000
vt 0.937640 0.399638
vt 0.983983 0.196595
vt 0.854132 0.033767
vt 0.645868 0.033767
vt 0.516017 0.196595
vt 0.562360 0.399638
s 0
g Arm_R_suit
usemtl suit
f 155/278/124 156/279/124 158/280/124 157/281/124
f 157/281/125 158/280/125 160/282/125 159/283/125
f 159/283/126 160/282/126 162/284/126 161/285/126
f 161/285/127 162/284/127 164/286/127 163/287/127
f 163/287/128 164/286/128 166/288/128 165/289/128
f 158/290/129 156/291/129 168/292/129 166/293/129 164/294/129 162/295/129 160/296/129
f 165/289/130 166/288/130 168/297/130 167/298/130
f 167/298/131 168/297/131 156/299/131 155/300/131
f 155/301/132 157/302/132 159/303/132 161/304/132 163/305/132 165/306/132 167/307/132
g Hand_R_Icosphere.001
v 0.175000 0.862300 0.010000
v 0.227110 0.891432 0.028966
v 0.173065 0.891432 0.065420
v 0.121694 0.891432 0.025285
v 0.143991 0.891432 -0.035973
v 0.209141 0.891432 -0.033698
v 0.206009 0.938568 0.055973
v 0.140859 0.938568 0.053698
v 0.122890 0.938568 -0.008966
v 0.176935 0.938568 -0.045420
v 0.228306 0.938568 -0.005285
v 0.175000 0.967700 0.010000
vn 0.3045 -0.8387 0.4515
vn 0.5235 -0.8387 -0.1501
vn -0.3353 -0.8387 0.4292
vn -0.5118 -0.8387 -0.1863
vn 0.0190 -0.8387 -0.5443
vn 0.9379 -0.2192 -0.2689
vn 0.5456 -0.2192 0.8089
vn -0.6007 -0.2192 0.7689
vn -0.9168 -0.2192 -0.3337
vn 0.0341 -0.2192 -0.9751
vn 0.9168 0.2192 0.3337
vn -0.0341 0.2192 0.9751
vn -0.9379 0.2192 0.2689
vn -0.5456 0.2192 -0.8089
vn 0.6007 0.2192 -0.7689
vn 0.5118 0.8387 0.1863
vn -0.0190 0.8387 0.5443
vn -0.5235 0.8387 0.1501
vn -0.3045 0.8387 -0.4515
vn 0.3353 0.8387 -0.4292
vt 0.181819 0.000000
vt 0.272728 0.157461
vt 0.090910 0.157461
vt 0.363637 0.000000
vt 0.454546 0.157461
vt 0.909091 0.000000
vt 1.000000 0.157461
vt 0.818182 0.157461
vt 0.727273 0.000000
vt 0.636364 0.157461
vt 0.545455 0.000000
vt 0.363637 0.314921
vt 0.181819 0.314921
vt 0.909091 0.314921
vt 0.727273 0.314921
vt 0.545455 0.314921
vt 0.000000 0.314921
vt 0.272728 0.472382
vt 0.090910 0.472382
vt 0.818182 0.472382
vt 0.636364 0.472382
vt 0.454546 0.472382
s 0
g Hand_R_dark
usemtl dark
f 169/308/133 170/309/133 171/310/133
f 170/309/134 169/311/134 174/312/134
f 169/313/135 171/314/135 172/315/135
f 169/316/136 172/315/136 173/317/136
f 169/318/137 173/317/137 174/312/137
f 170/309/138 174/312/138 179/319/138
f 171/310/139 170/309/139 175/320/139
f 172/315/140 171/314/140 176/321/140
f 173/317/141 172/315/141 177/322/141
f 174/312/142 173/317/142 178/323/142
f 170/309/143 179/319/143 175/320/143
f 171/310/144 175/320/144 176/324/144
f 172/315/145 176/321/145 177/322/145
f 173/317/146 177/322/146 178/323/146
f 174/312/147 178/323/147 179/319/147
f 175/320/148 179/319/148 180/325/148
f 176/324/149 175/320/149 180/326/149
f 177/322/150 176/321/150 180/327/150
f 178/323/151 177/322/151 180/328/151
f 179/319/152 178/323/152 180/329/152
g Pauldron_L_Icosphere.002
v -0.205000 1.224400 0.000000
v -0.117967 1.266191 0.027875
v -0.210247 1.266191 0.086988
v -0.295277 1.266191 0.025886
v -0.255546 1.266191 -0.070990
v -0.145963 1.266191 -0.069760
v -0.154454 1.333809 0.070990
v -0.264037 1.333809 0.069760
v -0.292033 1.333809 -0.027875
v -0.199753 1.333809 -0.086988
v -0.114723 1.333809 -0.025886
v -0.205000 1.375600 0.000000
vn 0.2753 -0.8600 0.4297
vn 0.4633 -0.8762 -0.1328
vn -0.2878 -0.8699 0.4006
vn -0.4564 -0.8699 -0.1872
vn 0.0057 -0.8600 -0.5103
vn 0.9291 -0.2564 -0.2664
vn 0.5238 -0.2387 0.8177
vn -0.5651 -0.2492 0.7865
vn -0.8960 -0.2492 -0.3675
vn 0.0109 -0.2387 -0.9710
vn 0.8960 0.2492 0.3675
vn -0.0109 0.2387 0.9710
vn -0.9291 0.2564 0.2664
vn -0.5238 0.2387 -0.8177
vn 0.5651 0.2492 -0.7865
vn 0.4564 0.8699 0.1872
vn -0.0057 0.8600 0.5103
vn -0.4633 0.8762 0.1328
vn -0.2753 0.8600 -0.4297
vn 0.2878 0.8699 -0.4006
vt 0.181819 0.000000
vt 0.272728 0.157461
vt 0.090910 0.157461
vt 0.363637 0.000000
vt 0.454546 0.157461
vt 0.909091 0.000000
vt 1.000000 0.157461
vt 0.818182 0.157461
vt 0.727273 0.000000
vt 0.636364 0.157461
vt 0.545455 0.000000
vt 0.363637 0.314921
vt 0.181819 0.314921
vt 0.909091 0.314921
vt 0.727273 0.314921
vt 0.545455 0.314921
vt 0.000000 0.314921
vt 0.272728 0.472382
vt 0.090910 0.472382
vt 0.818182 0.472382
vt 0.636364 0.472382
vt 0.454546 0.472382
s 0
g Pauldron_L_armor
usemtl armor
f 181/330/153 182/331/153 183/332/153
f 182/331/154 181/333/154 186/334/154
f 181/335/155 183/336/155 184/337/155
f 181/338/156 184/337/156 185/339/156
f 181/340/157 185/339/157 186/334/157
f 182/331/158 186/334/158 191/341/158
f 183/332/159 182/331/159 187/342/159
f 184/337/160 183/336/160 188/343/160
f 185/339/161 184/337/161 189/344/161
f 186/334/162 185/339/162 190/345/162
f 182/331/163 191/341/163 187/342/163
f 183/332/164 187/342/164 188/346/164
f 184/337/165 188/343/165 189/344/165
f 185/339/166 189/344/166 190/345/166
f 186/334/167 190/345/167 191/341/167
f 187/342/168 191/341/168 192/347/168
f 188/346/169 187/342/169 192/348/169
f 189/344/170 188/343/170 192/349/170
f 190/345/171 189/344/171 192/350/171
f 191/341/172 190/345/172 192/351/172
g Pauldron_L_Glow_Cube.006
v -0.211520 1.286250 0.059470
v -0.211520 1.313750 0.059470
v -0.212899 1.286250 0.054664
v -0.212899 1.313750 0.054664
v -0.197101 1.286250 0.055336
v -0.197101 1.313750 0.055336
v -0.198480 1.286250 0.050530
v -0.198480 1.313750 0.050530
vn -0.9613 -0.0000 0.2756
vn -0.2756 -0.0000 -0.9613
vn 0.9613 -0.0000 -0.2756
vn 0.2756 -0.0000 0.9613
vn -0.0000 -1.0000 -0.0000
vn -0.0000 1.0000 -0.0000
vt 0.375000 0.000000
vt 0.625000 0.000000
vt 0.625000 0.250000
vt 0.375000 0.250000
vt 0.625000 0.500000
vt 0.375000 0.500000
vt 0.625000 0.750000
vt 0.375000 0.750000
vt 0.625000 1.000000
vt 0.375000 1.000000
vt 0.125000 0.500000
vt 0.125000 0.750000
vt 0.875000 0.500000
vt 0.875000 0.750000
s 0
g Pauldron_L_Glow_glow
usemtl glow
f 193/352/173 194/353/173 196/354/173 195/355/173
f 195/355/174 196/354/174 200/356/174 199/357/174
f 199/357/175 200/356/175 198/358/175 197/359/175
f 197/359/176 198/358/176 194/360/176 193/361/176
f 195/362/177 199/357/177 197/359/177 193/363/177
f 200/356/178 196/364/178 194/365/178 198/358/178
g Pauldron_R_Icosphere.003
v 0.205000 1.224400 0.000000
v 0.292033 1.266191 0.027875
v 0.199753 1.266191 0.086988
v 0.114723 1.266191 0.025886
v 0.154454 1.266191 -0.070990
v 0.264037 1.266191 -0.069760
v 0.255546 1.333809 0.070990
v 0.145963 1.333809 0.069760
v 0.117967 1.333809 -0.027875
v 0.210247 1.333809 -0.086988
v 0.295277 1.333809 -0.025886
v 0.205000 1.375600 0.000000
vn 0.2753 -0.8600 0.4297
vn 0.4633 -0.8762 -0.1328
vn -0.2878 -0.8699 0.4006
vn -0.4564 -0.8699 -0.1872
vn 0.0057 -0.8600 -0.5103
vn 0.9291 -0.2564 -0.2664
vn 0.5238 -0.2387 0.8177
vn -0.5651 -0.2492 0.7865
vn -0.8960 -0.2492 -0.3675
vn 0.0109 -0.2387 -0.9710
vn 0.8960 0.2492 0.3675
vn -0.0109 0.2387 0.9710
vn -0.9291 0.2564 0.2664
vn -0.5238 0.2387 -0.8177
vn 0.5651 0.2492 -0.7865
vn 0.4564 0.8699 0.1872
vn -0.0057 0.8600 0.5103
vn -0.4633 0.8762 0.1328
vn -0.2753 0.8600 -0.4297
vn 0.2878 0.8699 -0.4006
vt 0.181819 0.000000
vt 0.272728 0.157461
vt 0.090910 0.157461
vt 0.363637 0.000000
vt 0.454546 0.157461
vt 0.909091 0.000000
vt 1.000000 0.157461
vt 0.818182 0.157461
vt 0.727273 0.000000
vt 0.636364 0.157461
vt 0.545455 0.000000
vt 0.363637 0.314921
vt 0.181819 0.314921
vt 0.909091 0.314921
vt 0.727273 0.314921
vt 0.545455 0.314921
vt 0.000000 0.314921
vt 0.272728 0.472382
vt 0.090910 0.472382
vt 0.818182 0.472382
vt 0.636364 0.472382
vt 0.454546 0.472382
s 0
g Pauldron_R_armor
usemtl armor
f 201/366/179 202/367/179 203/368/179
f 202/367/180 201/369/180 206/370/180
f 201/371/181 203/372/181 204/373/181
f 201/374/182 204/373/182 205/375/182
f 201/376/183 205/375/183 206/370/183
f 202/367/184 206/370/184 211/377/184
f 203/368/185 202/367/185 207/378/185
f 204/373/186 203/372/186 208/379/186
f 205/375/187 204/373/187 209/380/187
f 206/370/188 205/375/188 210/381/188
f 202/367/189 211/377/189 207/378/189
f 203/368/190 207/378/190 208/382/190
f 204/373/191 208/379/191 209/380/191
f 205/375/192 209/380/192 210/381/192
f 206/370/193 210/381/193 211/377/193
f 207/378/194 211/377/194 212/383/194
f 208/382/195 207/378/195 212/384/195
f 209/380/196 208/379/196 212/385/196
f 210/381/197 209/380/197 212/386/197
f 211/377/198 210/381/198 212/387/198
g Pauldron_R_Glow_Cube.007
v 0.198480 1.286250 0.059470
v 0.198480 1.313750 0.059470
v 0.197101 1.286250 0.054664
v 0.197101 1.313750 0.054664
v 0.212899 1.286250 0.055336
v 0.212899 1.313750 0.055336
v 0.211520 1.286250 0.050530
v 0.211520 1.313750 0.050530
vn -0.9613 -0.0000 0.2756
vn -0.2756 -0.0000 -0.9613
vn 0.9613 -0.0000 -0.2756
vn 0.2756 -0.0000 0.9613
vn -0.0000 -1.0000 -0.0000
vn -0.0000 1.0000 -0.0000
vt 0.375000 0.000000
vt 0.625000 0.000000
vt 0.625000 0.250000
vt 0.375000 0.250000
vt 0.625000 0.500000
vt 0.375000 0.500000
vt 0.625000 0.750000
vt 0.375000 0.750000
vt 0.625000 1.000000
vt 0.375000 1.000000
vt 0.125000 0.500000
vt 0.125000 0.750000
vt 0.875000 0.500000
vt 0.875000 0.750000
s 0
g Pauldron_R_Glow_glow
usemtl glow
f 213/388/199 214/389/199 216/390/199 215/391/199
f 215/391/200 216/390/200 220/392/200 219/393/200
f 219/393/201 220/392/201 218/394/201 217/395/201
f 217/395/202 218/394/202 214/396/202 213/397/202
f 215/398/203 219/393/203 217/395/203 213/399/203
f 220/392/204 216/400/204 214/401/204 218/394/204
g Neck_Cylinder.005
v -0.018743 1.340000 -0.065366
v -0.018743 1.450000 -0.065366
v 0.032967 1.340000 -0.059474
v 0.032967 1.450000 -0.059474
v 0.065366 1.340000 -0.018743
v 0.065366 1.450000 -0.018743
v 0.059474 1.340000 0.032967
v 0.059474 1.450000 0.032967
v 0.018743 1.340000 0.065366
v 0.018743 1.450000 0.065366
v -0.032967 1.340000 0.059474
v -0.032967 1.450000 0.059474
v -0.065366 1.340000 0.018743
v -0.065366 1.450000 0.018743
v -0.059474 1.340000 -0.032967
v -0.059474 1.450000 -0.032967
vn 0.1132 -0.0000 -0.9936
vn 0.7826 -0.0000 -0.6225
vn 0.9936 -0.0000 0.1132
vn 0.6225 -0.0000 0.7826
vn -0.1132 -0.0000 0.9936
vn -0.7826 -0.0000 0.6225
vn -0.0000 1.0000 -0.0000
vn -0.9936 -0.0000 -0.1132
vn -0.6225 -0.0000 -0.7826
vn -0.0000 -1.0000 -0.0000
vt 1.000000 0.500000
vt 1.000000 1.000000
vt 0.875000 1.000000
vt 0.875000 0.500000
vt 0.750000 1.000000
vt 0.750000 0.500000
vt 0.625000 1.000000
vt 0.625000 0.500000
vt 0.500000 1.000000
vt 0.500000 0.500000
vt 0.375000 1.000000
vt 0.375000 0.500000
vt 0.250000 1.000000
vt 0.250000 0.500000
vt 0.419706 0.419706
vt 0.250000 0.490000
vt 0.080294 0.419706
vt 0.010000 0.250000
vt 0.080294 0.080294
vt 0.250000 0.010000
vt 0.419706 0.080294
vt 0.490000 0.250000
vt 0.125000 1.000000
vt 0.125000 0.500000
vt 0.000000 1.000000
vt 0.000000 0.500000
vt 0.750000 0.490000
vt 0.919706 0.419706
vt 0.990000 0.250000
vt 0.919706 0.080294
vt 0.750000 0.010000
vt 0.580294 0.080294
vt 0.510000 0.250000
vt 0.580294 0.419706
s 0
g Neck_skin
usemtl skin
f 221/402/205 222/403/205 224/404/205 223/405/205
f 223/405/206 224/404/206 226/406/206 225/407/206
f 225/407/207 226/406/207 228/408/207 227/409/207
f 227/409/208 228/408/208 230/410/208 229/411/208
f 229/411/209 230/410/209 232/412/209 231/413/209
f 231/413/210 232/412/210 234/414/210 233/415/210
f 224/416/211 222/417/211 236/418/211 234/419/211 232/420/211 230/421/211 228/422/211 226/423/211
f 233/415/212 234/414/212 236/424/212 235/425/212
f 235/425/213 236/424/213 222/426/213 221/427/213
f 221/428/214 223/429/214 225/430/214 227/431/214 229/432/214 231/433/214 233/434/214 235/435/214
g Collar_Torus.001
v 0.117274 1.365000 -0.033628
v 0.107975 1.378315 -0.030961
v 0.092929 1.373229 -0.026647
v 0.092929 1.356771 -0.026647
v 0.107975 1.351685 -0.030961
v 0.095478 1.365000 -0.075947
v 0.087907 1.378315 -0.069925
v 0.075658 1.373229 -0.060181
v 0.075658 1.356771 -0.060181
v 0.087907 1.351685 -0.069925
v 0.059147 1.365000 -0.106704
v 0.054457 1.378315 -0.098243
v 0.046868 1.373229 -0.084553
v 0.046868 1.356771 -0.084553
v 0.054457 1.351685 -0.098243
v 0.013811 1.365000 -0.121216
v 0.012716 1.378315 -0.111604
v 0.010944 1.373229 -0.096052
v 0.010944 1.356771 -0.096052
v 0.012716 1.351685 -0.111604
v -0.033628 1.365000 -0.117274
v -0.030961 1.378315 -0.107975
v -0.026647 1.373229 -0.092929
v -0.026647 1.356771 -0.092929
v -0.030961 1.351685 -0.107975
v -0.075947 1.365000 -0.095478
v -0.069925 1.378315 -0.087907
v -0.060181 1.373229 -0.075658
v -0.060181 1.356771 -0.075658
v -0.069925 1.351685 -0.087907
v -0.106704 1.365000 -0.059147
v -0.098243 1.378315 -0.054457
v -0.084553 1.373229 -0.046868
v -0.084553 1.356771 -0.046868
v -0.098243 1.351685 -0.054457
v -0.121216 1.365000 -0.013811
v -0.111604 1.378315 -0.012716
v -0.096052 1.373229 -0.010944
v -0.096052 1.356771 -0.010944
v -0.111604 1.351685 -0.012716
v -0.117274 1.365000 0.033628
v -0.107975 1.378315 0.030961
v -0.092929 1.373229 0.026647
v -0.092929 1.356771 0.026647
v -0.107975 1.351685 0.030961
v -0.095478 1.365000 0.075947
v -0.087907 1.378315 0.069925
v -0.075658 1.373229 0.060181
v -0.075658 1.356771 0.060181
v -0.087907 1.351685 0.069925
v -0.059147 1.365000 0.106704
v -0.054457 1.378315 0.098243
v -0.046868 1.373229 0.084553
v -0.046868 1.356771 0.084553
v -0.054457 1.351685 0.098243
v -0.013811 1.365000 0.121216
v -0.012716 1.378315 0.111604
v -0.010944 1.373229 0.096052
v -0.010944 1.356771 0.096052
v -0.012716 1.351685 0.111604
v 0.033628 1.365000 0.117274
v 0.030961 1.378315 0.107975
v 0.026647 1.373229 0.092929
v 0.026647 1.356771 0.092929
v 0.030961 1.351685 0.107975
v 0.075947 1.365000 0.095478
v 0.069925 1.378315 0.087907
v 0.060181 1.373229 0.075658
v 0.060181 1.356771 0.075658
v 0.069925 1.351685 0.087907
v 0.106704 1.365000 0.059147
v 0.098243 1.378315 0.054457
v 0.084553 1.373229 0.046868
v 0.084553 1.356771 0.046868
v 0.098243 1.351685 0.054457
v 0.121216 1.365000 0.013811
v 0.111604 1.378315 0.012716
v 0.096052 1.373229 0.010944
v 0.096052 1.356771 0.010944
v 0.111604 1.351685 0.012716
vn 0.7240 0.5803 -0.3729
vn -0.2796 0.9493 0.1440
vn -0.8890 -0.0000 0.4579
vn -0.2796 -0.9493 0.1440
vn 0.7240 -0.5803 -0.3729
vn 0.5262 0.5803 -0.6216
vn -0.2032 0.9493 0.2400
vn -0.6461 -0.0000 0.7632
vn -0.2032 -0.9493 0.2400
vn 0.5262 -0.5803 -0.6216
vn 0.2483 0.5803 -0.7756
vn -0.0959 0.9493 0.2995
vn -0.3049 -0.0000 0.9524
vn -0.0959 -0.9493 0.2995
vn 0.2483 -0.5803 -0.7756
vn -0.0674 0.5803 -0.8116
vn 0.0260 0.9493 0.3134
vn 0.0828 -0.0000 0.9966
vn 0.0260 -0.9493 0.3134
vn -0.0674 -0.5803 -0.8116
vn -0.3729 0.5803 -0.7240
vn 0.1440 0.9493 0.2796
vn 0.4579 -0.0000 0.8890
vn 0.1440 -0.9493 0.2796
vn -0.3729 -0.5803 -0.7240
vn -0.6216 0.5803 -0.5262
vn 0.2400 0.9493 0.2032
vn 0.7632 -0.0000 0.6461
vn 0.2400 -0.9493 0.2032
vn -0.6216 -0.5803 -0.5262
vn -0.7756 0.5803 -0.2483
vn 0.2995 0.9493 0.0959
vn 0.9524 -0.0000 0.3049
vn 0.2995 -0.9493 0.0959
vn -0.7756 -0.5803 -0.2483
vn -0.8116 0.5803 0.0674
vn 0.3134 0.9493 -0.0260
vn 0.9966 -0.0000 -0.0828
vn 0.3134 -0.9493 -0.0260
vn -0.8116 -0.5803 0.0674
vn -0.7240 0.5803 0.3729
vn 0.2796 0.9493 -0.1440
vn 0.8890 -0.0000 -0.4579
vn 0.2796 -0.9493 -0.1440
vn -0.7240 -0.5803 0.3729
vn -0.5262 0.5803 0.6216
vn 0.2032 0.9493 -0.2400
vn 0.6461 -0.0000 -0.7632
vn 0.2032 -0.9493 -0.2400
vn -0.5262 -0.5803 0.6216
vn -0.2483 0.5803 0.7756
vn 0.0959 0.9493 -0.2995
vn 0.3049 -0.0000 -0.9524
vn 0.0959 -0.9493 -0.2995
vn -0.2483 -0.5803 0.7756
vn 0.0674 0.5803 0.8116
vn -0.0260 0.9493 -0.3134
vn -0.0828 -0.0000 -0.9966
vn -0.0260 -0.9493 -0.3134
vn 0.0674 -0.5803 0.8116
vn 0.3729 0.5803 0.7240
vn -0.1440 0.9493 -0.2796
vn -0.4579 -0.0000 -0.8890
vn -0.1440 -0.9493 -0.2796
vn 0.3729 -0.5803 0.7240
vn 0.6216 0.5803 0.5262
vn -0.2400 0.9493 -0.2032
vn -0.7632 -0.0000 -0.6461
vn -0.2400 -0.9493 -0.2032
vn 0.6216 -0.5803 0.5262
vn 0.7756 0.5803 0.2483
vn -0.2995 0.9493 -0.0959
vn -0.9524 -0.0000 -0.3049
vn -0.2995 -0.9493 -0.0959
vn 0.7756 -0.5803 0.2483
vn 0.8116 0.5803 -0.0674
vn -0.3134 0.9493 0.0260
vn -0.9966 -0.0000 0.0828
vn -0.3134 -0.9493 0.0260
vn 0.8116 -0.5803 -0.0674
vt 0.500000 0.600000
vt 0.562500 0.600000
vt 0.562500 0.800000
vt 0.500000 0.800000
vt 0.562500 1.000000
vt 0.500000 1.000000
vt 0.500000 0.000000
vt 0.562500 0.000000
vt 0.562500 0.200000
vt 0.500000 0.200000
vt 0.562500 0.400000
vt 0.500000 0.400000
vt 0.625000 0.600000
vt 0.625000 0.800000
vt 0.625000 1.000000
vt 0.625000 0.000000
vt 0.625000 0.200000
vt 0.625000 0.400000
vt 0.687500 0.600000
vt 0.687500 0.800000
vt 0.687500 1.000000
vt 0.687500 0.000000
vt 0.687500 0.200000
vt 0.687500 0.400000
vt 0.750000 0.600000
vt 0.750000 0.800000
vt 0.750000 1.000000
vt 0.750000 0.000000
vt 0.750000 0.200000
vt 0.750000 0.400000
vt 0.812500 0.600000
vt 0.812500 0.800000
vt 0.812500 1.000000
vt 0.812500 0.000000
vt 0.812500 0.200000
vt 0.812500 0.400000
vt 0.875000 0.600000
vt 0.875000 0.800000
vt 0.875000 1.000000
vt 0.875000 0.000000
vt 0.875000 0.200000
vt 0.875000 0.400000
vt 0.937500 0.600000
vt 0.937500 0.800000
vt 0.937500 1.000000
vt 0.937500 0.000000
vt 0.937500 0.200000
vt 0.937500 0.400000
vt 1.000000 0.600000
vt 1.000000 0.800000
vt 1.000000 1.000000
vt 1.000000 0.000000
vt 1.000000 0.200000
vt 1.000000 0.400000
vt 0.000000 0.600000
vt 0.062500 0.600000
vt 0.062500 0.800000
vt 0.000000 0.800000
vt 0.062500 1.000000
vt 0.000000 1.000000
vt 0.000000 0.000000
vt 0.062500 0.000000
vt 0.062500 0.200000
vt 0.000000 0.200000
vt 0.062500 0.400000
vt 0.000000 0.400000
vt 0.125000 0.600000
vt 0.125000 0.800000
vt 0.125000 1.000000
vt 0.125000 0.000000
vt 0.125000 0.200000
vt 0.125000 0.400000
vt 0.187500 0.600000
vt 0.187500 0.800000
vt 0.187500 1.000000
vt 0.187500 0.000000
vt 0.187500 0.200000
vt 0.187500 0.400000
vt 0.250000 0.600000
vt 0.250000 0.800000
vt 0.250000 1.000000
vt 0.250000 0.000000
vt 0.250000 0.200000
vt 0.250000 0.400000
vt 0.312500 0.600000
vt 0.312500 0.800000
vt 0.312500 1.000000
vt 0.312500 0.000000
vt 0.312500 0.200000
vt 0.312500 0.400000
vt 0.375000 0.600000
vt 0.375000 0.800000
vt 0.375000 1.000000
vt 0.375000 0.000000
vt 0.375000 0.200000
vt 0.375000 0.400000
vt 0.437500 0.600000
vt 0.437500 0.800000
vt 0.437500 1.000000
vt 0.437500 0.000000
vt 0.437500 0.200000
vt 0.437500 0.400000
s 0
g Collar_glow
usemtl glow
f 237/436/215 242/437/215 243/438/215 238/439/215
f 238/439/216 243/438/216 244/440/216 239/441/216
f 239/442/217 244/443/217 245/444/217 240/445/217
f 240/445/218 245/444/218 246/446/218 241/447/218
f 241/447/219 246/446/219 242/437/219 237/436/219
f 242/437/220 247/448/220 248/449/220 243/438/220
f 243/438/221 248/449/221 249/450/221 244/440/221
f 244/443/222 249/451/222 250/452/222 245/444/222
f 245/444/223 250/452/223 251/453/223 246/446/223
f 246/446/224 251/453/224 247/448/224 242/437/224
f 247/448/225 252/454/225 253/455/225 248/449/225
f 248/449/226 253/455/226 254/456/226 249/450/226
f 249/451/227 254/457/227 255/458/227 250/452/227
f 250/452/228 255/458/228 256/459/228 251/453/228
f 251/453/229 256/459/229 252/454/229 247/448/229
f 252/454/230 257/460/230 258/461/230 253/455/230
f 253/455/231 258/461/231 259/462/231 254/456/231
f 254/457/232 259/463/232 260/464/232 255/458/232
f 255/458/233 260/464/233 261/465/233 256/459/233
f 256/459/234 261/465/234 257/460/234 252/454/234
f 257/460/235 262/466/235 263/467/235 258/461/235
f 258/461/236 263/467/236 264/468/236 259/462/236
f 259/463/237 264/469/237 265/470/237 260/464/237
f 260/464/238 265/470/238 266/471/238 261/465/238
f 261/465/239 266/471/239 262/466/239 257/460/239
f 262/466/240 267/472/240 268/473/240 263/467/240
f 263/467/241 268/473/241 269/474/241 264/468/241
f 264/469/242 269/475/242 270/476/242 265/470/242
f 265/470/243 270/476/243 271/477/243 266/471/243
f 266/471/244 271/477/244 267/472/244 262/466/244
f 267/472/245 272/478/245 273/479/245 268/473/245
f 268/473/246 273/479/246 274/480/246 269/474/246
f 269/475/247 274/481/247 275/482/247 270/476/247
f 270/476/248 275/482/248 276/483/248 271/477/248
f 271/477/249 276/483/249 272/478/249 267/472/249
f 272/478/250 277/484/250 278/485/250 273/479/250
f 273/479/251 278/485/251 279/486/251 274/480/251
f 274/481/252 279/487/252 280/488/252 275/482/252
f 275/482/253 280/488/253 281/489/253 276/483/253
f 276/483/254 281/489/254 277/484/254 272/478/254
f 277/490/255 282/491/255 283/492/255 278/493/255
f 278/493/256 283/492/256 284/494/256 279/495/256
f 279/496/257 284/497/257 285/498/257 280/499/257
f 280/499/258 285/498/258 286/500/258 281/501/258
f 281/501/259 286/500/259 282/491/259 277/490/259
f 282/491/260 287/502/260 288/503/260 283/492/260
f 283/492/261 288/503/261 289/504/261 284/494/261
f 284/497/262 289/505/262 290/506/262 285/498/262
f 285/498/263 290/506/263 291/507/263 286/500/263
f 286/500/264 291/507/264 287/502/264 282/491/264
f 287/502/265 292/508/265 293/509/265 288/503/265
f 288/503/266 293/509/266 294/510/266 289/504/266
f 289/505/267 294/511/267 295/512/267 290/506/267
f 290/506/268 295/512/268 296/513/268 291/507/268
f 291/507/269 296/513/269 292/508/269 287/502/269
f 292/508/270 297/514/270 298/515/270 293/509/270
f 293/509/271 298/515/271 299/516/271 294/510/271
f 294/511/272 299/517/272 300/518/272 295/512/272
f 295/512/273 300/518/273 301/519/273 296/513/273
f 296/513/274 301/519/274 297/514/274 292/508/274
f 297/514/275 302/520/275 303/521/275 298/515/275
f 298/515/276 303/521/276 304/522/276 299/516/276
f 299/517/277 304/523/277 305/524/277 300/518/277
f 300/518/278 305/524/278 306/525/278 301/519/278
f 301/519/279 306/525/279 302/520/279 297/514/279
f 302/520/280 307/526/280 308/527/280 303/521/280
f 303/521/281 308/527/281 309/528/281 304/522/281
f 304/523/282 309/529/282 310/530/282 305/524/282
f 305/524/283 310/530/283 311/531/283 306/525/283
f 306/525/284 311/531/284 307/526/284 302/520/284
f 307/526/285 312/532/285 313/533/285 308/527/285
f 308/527/286 313/533/286 314/534/286 309/528/286
f 309/529/287 314/535/287 315/536/287 310/530/287
f 310/530/288 315/536/288 316/537/288 311/531/288
f 311/531/289 316/537/289 312/532/289 307/526/289
f 312/532/290 237/436/290 238/439/290 313/533/290
f 313/533/291 238/439/291 239/441/291 314/534/291
f 314/535/292 239/442/292 240/445/292 315/536/292
f 315/536/293 240/445/293 241/447/293 316/537/293
f 316/537/294 241/447/294 237/436/294 312/532/294
g Head_Icosphere.004
v 0.000000 1.378750 0.000000
v 0.187479 1.509344 0.063144
v -0.009660 1.509344 0.191924
v -0.193450 1.509345 0.055471
v -0.109896 1.509344 -0.157641
v 0.125530 1.509344 -0.152898
v 0.109896 1.720656 0.157641
v -0.125530 1.720656 0.152898
v -0.187479 1.720656 -0.063144
v 0.009660 1.720656 -0.191924
v 0.193450 1.720655 -0.055471
v 0.000000 1.851250 0.000000
v -0.005678 1.414033 0.112809
v 0.110197 1.414033 0.037115
v 0.104519 1.490795 0.149925
v 0.183981 1.490795 -0.052756
v 0.073784 1.414033 -0.089870
v -0.113707 1.414034 0.032605
v -0.119386 1.490795 0.145415
v -0.064595 1.414033 -0.092659
v -0.178303 1.490795 -0.060054
v 0.009189 1.490795 -0.182530
v 0.223905 1.615000 0.004510
v 0.187492 1.615000 -0.122476
v 0.058917 1.615000 0.205470
v 0.174794 1.615000 0.129775
v -0.187492 1.615000 0.122476
v -0.079463 1.615000 0.202682
v -0.174794 1.615000 -0.129775
v -0.223905 1.615000 -0.004510
v 0.079463 1.615000 -0.202682
v -0.058917 1.615000 -0.205470
v 0.178303 1.739205 0.060054
v -0.009189 1.739205 0.182530
v -0.183981 1.739205 0.052756
v -0.104519 1.739205 -0.149925
v 0.119386 1.739205 -0.145415
v 0.064595 1.815967 0.092659
v 0.113707 1.815966 -0.032605
v -0.073784 1.815967 0.089870
v -0.110197 1.815967 -0.037115
v 0.005678 1.815967 -0.112809
vn 0.1971 -0.9328 0.3017
vn 0.7635 -0.6408 0.0795
vn -0.2096 -0.9362 0.2823
vn -0.3273 -0.9362 -0.1283
vn 0.0073 -0.9328 -0.3603
vn 0.9488 -0.3150 0.0218
vn 0.2855 -0.3019 0.9096
vn -0.7636 -0.3146 0.5639
vn -0.7509 -0.3070 -0.5847
vn 0.2805 -0.3063 -0.9097
vn 0.9245 -0.1176 0.3625
vn -0.0200 -0.1144 0.9932
vn -0.9543 -0.1197 0.2737
vn -0.5433 -0.1144 -0.8317
vn 0.5920 -0.1176 -0.7973
vn 0.5749 0.6296 0.5226
vn -0.2844 0.6314 0.7214
vn -0.7635 0.6408 -0.0795
vn -0.1785 0.6240 -0.7608
vn 0.6515 0.6420 -0.4041
vn 0.2096 0.9362 -0.2823
vn 0.3771 0.7744 -0.5080
vn 0.2106 0.6296 -0.7479
vn -0.1971 0.9328 -0.3017
vn -0.3519 0.7656 -0.5386
vn -0.6235 0.6314 -0.4610
vn -0.3325 0.9383 0.0954
vn -0.6015 0.7801 0.1725
vn -0.6054 0.6408 0.4721
vn -0.0073 0.9328 0.3603
vn -0.0130 0.7656 0.6432
vn 0.2518 0.6240 0.7397
vn 0.3273 0.9362 0.1283
vn 0.5890 0.7744 0.2309
vn 0.7667 0.6420 -0.0026
vn 0.7636 0.3146 -0.5639
vn 0.5868 0.1758 -0.7904
vn 0.3269 0.3070 -0.8938
vn -0.2855 0.3019 -0.9096
vn -0.5388 0.1711 -0.8249
vn -0.7199 0.3063 -0.6228
vn -0.9488 0.3150 -0.0218
vn -0.9457 0.1790 0.2712
vn -0.7931 0.3150 0.5213
vn -0.2805 0.3063 0.9097
vn -0.0198 0.1711 0.9851
vn 0.2399 0.3019 0.9227
vn 0.7509 0.3070 0.5847
vn 0.9165 0.1758 0.3593
vn 0.9464 0.3146 0.0736
vn 0.0200 0.1144 -0.9932
vn 0.0198 -0.1711 -0.9851
vn -0.2399 -0.3019 -0.9227
vn -0.9245 0.1176 -0.3625
vn -0.9165 -0.1758 -0.3593
vn -0.9464 -0.3146 -0.0736
vn -0.5920 0.1176 0.7973
vn -0.5868 -0.1758 0.7904
vn -0.3269 -0.3070 0.8938
vn 0.5433 0.1144 0.8317
vn 0.5388 -0.1711 0.8249
vn 0.7199 -0.3063 0.6228
vn 0.9543 0.1197 -0.2737
vn 0.9457 -0.1790 -0.2712
vn 0.7931 -0.3150 -0.5213
vn 0.2844 -0.6314 -0.7214
vn 0.0130 -0.7656 -0.6432
vn -0.2518 -0.6240 -0.7397
vn -0.5749 -0.6296 -0.5226
vn -0.5890 -0.7744 -0.2309
vn -0.7667 -0.6420 0.0026
vn -0.6515 -0.6420 0.4041
vn -0.3771 -0.7744 0.5080
vn -0.2106 -0.6296 0.7479
vn 0.6054 -0.6408 -0.4721
vn 0.6015 -0.7801 -0.1725
vn 0.3325 -0.9383 -0.0954
vn 0.1785 -0.6240 0.7608
vn 0.3519 -0.7656 0.5386
vn 0.6235 -0.6314 0.4610
vt 0.181819 0.000000
vt 0.227273 0.078731
vt 0.136365 0.078731
vt 0.272728 0.157461
vt 0.318182 0.078731
vt 0.363637 0.157461
vt 0.909091 0.000000
vt 0.954545 0.078731
vt 0.863636 0.078731
vt 0.727273 0.000000
vt 0.772727 0.078731
vt 0.681818 0.078731
vt 0.545455 0.000000
vt 0.590909 0.078731
vt 0.500000 0.078731
vt 0.318182 0.236191
vt 0.090910 0.157461
vt 0.181819 0.157461
vt 0.136365 0.236191
vt 0.818182 0.157461
vt 0.909091 0.157461
vt 0.863636 0.236191
vt 0.636364 0.157461
vt 0.727273 0.157461
vt 0.681818 0.236191
vt 0.454546 0.157461
vt 0.545455 0.157461
vt 0.500000 0.236191
vt 0.227273 0.236191
vt 0.045455 0.236191
vt 0.772727 0.236191
vt 0.590909 0.236191
vt 0.409092 0.236191
vt 0.181819 0.314921
vt 0.272728 0.314921
vt 0.227273 0.393651
vt 0.000000 0.314921
vt 0.090910 0.314921
vt 0.045455 0.393651
vt 0.727273 0.314921
vt 0.818182 0.314921
vt 0.772727 0.393651
vt 0.545455 0.314921
vt 0.636364 0.314921
vt 0.590909 0.393651
vt 0.363637 0.314921
vt 0.454546 0.314921
vt 0.409092 0.393651
vt 0.500000 0.393651
vt 0.454546 0.472382
vt 0.681818 0.393651
vt 0.636364 0.472382
vt 0.863636 0.393651
vt 0.818182 0.472382
vt 0.909091 0.314921
vt 0.136365 0.393651
vt 0.090910 0.472382
vt 0.318182 0.393651
vt 0.272728 0.472382
vt 0.954545 0.236191
vt 1.000000 0.157461
vt 0.409092 0.078731
vt 0.363637 0.000000
s 0
g Head_skin
usemtl skin
f 317/538/295 330/539/295 329/540/295
f 318/541/296 330/542/296 332/543/296
f 317/544/297 329/545/297 334/546/297
f 317/547/298 334/548/298 336/549/298
f 317/550/299 336/551/299 333/552/299
f 318/541/300 332/543/300 339/553/300
f 319/554/301 331/555/301 341/556/301
f 320/557/302 335/558/302 343/559/302
f 321/560/303 337/561/303 345/562/303
f 322/563/304 338/564/304 347/565/304
f 318/541/305 339/553/305 342/566/305
f 319/554/306 341/556/306 344/567/306
f 320/557/307 343/559/307 346/568/307
f 321/560/308 345/562/308 348/569/308
f 322/563/309 347/565/309 340/570/309
f 323/571/310 349/572/310 354/573/310
f 324/574/311 350/575/311 356/576/311
f 325/577/312 351/578/312 357/579/312
f 326/580/313 352/581/313 358/582/313
f 327/583/314 353/584/314 355/585/314
f 355/585/315 358/586/315 328/587/315
f 355/585/316 353/584/316 358/586/316
f 353/584/317 326/580/317 358/586/317
f 358/582/318 357/588/318 328/589/318
f 358/582/319 352/581/319 357/588/319
f 352/581/320 325/577/320 357/588/320
f 357/579/321 356/590/321 328/591/321
f 357/579/322 351/578/322 356/590/322
f 351/578/323 324/592/323 356/590/323
f 356/576/324 354/593/324 328/594/324
f 356/576/325 350/575/325 354/593/325
f 350/575/326 323/571/326 354/593/326
f 354/573/327 355/595/327 328/596/327
f 354/573/328 349/572/328 355/595/328
f 349/572/329 327/583/329 355/595/329
f 340/570/330 353/584/330 327/583/330
f 340/570/331 347/565/331 353/584/331
f 347/565/332 326/580/332 353/584/332
f 348/569/333 352/581/333 326/580/333
f 348/569/334 345/562/334 352/581/334
f 345/562/335 325/577/335 352/581/335
f 346/568/336 351/578/336 325/577/336
f 346/568/337 343/559/337 351/578/337
f 343/559/338 324/592/338 351/578/338
f 344/567/339 350/575/339 324/574/339
f 344/567/340 341/556/340 350/575/340
f 341/556/341 323/571/341 350/575/341
f 342/566/342 349/572/342 323/571/342
f 342/566/343 339/553/343 349/572/343
f 339/553/344 327/583/344 349/572/344
f 347/565/345 348/569/345 326/580/345
f 347/565/346 338/564/346 348/569/346
f 338/564/347 321/560/347 348/569/347
f 345/562/348 346/568/348 325/577/348
f 345/562/349 337/561/349 346/568/349
f 337/561/350 320/557/350 346/568/350
f 343/559/351 344/597/351 324/592/351
f 343/559/352 335/558/352 344/597/352
f 335/558/353 319/598/353 344/597/353
f 341/556/354 342/566/354 323/571/354
f 341/556/355 331/555/355 342/566/355
f 331/555/356 318/541/356 342/566/356
f 339/553/357 340/570/357 327/583/357
f 339/553/358 332/543/358 340/570/358
f 332/543/359 322/563/359 340/570/359
f 333/552/360 338/564/360 322/563/360
f 333/552/361 336/551/361 338/564/361
f 336/551/362 321/560/362 338/564/362
f 336/549/363 337/561/363 321/560/363
f 336/549/364 334/548/364 337/561/364
f 334/548/365 320/557/365 337/561/365
f 334/546/366 335/558/366 320/557/366
f 334/546/367 329/545/367 335/558/367
f 329/545/368 319/598/368 335/558/368
f 332/543/369 333/599/369 322/563/369
f 332/543/370 330/542/370 333/599/370
f 330/542/371 317/600/371 333/599/371
f 329/540/372 331/555/372 319/554/372
f 329/540/373 330/539/373 331/555/373
f 330/539/374 318/541/374 331/555/374
g Visor_Cube.008
v -0.066937 1.604791 0.218722
v -0.066681 1.605839 0.219617
v -0.069776 1.605731 0.219434
v -0.068139 1.656172 0.214532
v -0.068450 1.657003 0.213447
v -0.071234 1.656063 0.214348
v -0.082132 1.598997 0.165731
v -0.084971 1.599937 0.166443
v -0.082443 1.599828 0.164647
v -0.083645 1.651209 0.160456
v -0.083901 1.650161 0.159562
v -0.086429 1.650269 0.161357
v 0.083645 1.604791 0.175544
v 0.086429 1.605731 0.174643
v 0.083901 1.605839 0.176438
v 0.082132 1.657003 0.170269
v 0.082443 1.656172 0.171353
v 0.084971 1.656063 0.169557
v 0.068450 1.598997 0.122553
v 0.068139 1.599828 0.121468
v 0.071234 1.599937 0.121652
v 0.066937 1.651209 0.117278
v 0.069776 1.650269 0.116566
v 0.066681 1.650161 0.116383
vn -0.0226 -0.6458 0.7631
vn -0.0640 0.7829 0.6188
vn -0.3822 -0.7829 -0.4909
vn -0.4236 0.6458 -0.6352
vn 0.4236 -0.6458 0.6352
vn 0.3822 0.7829 0.4909
vn 0.0640 -0.7829 -0.6188
vn 0.0226 0.6458 -0.7631
vn -0.2681 -0.9464 0.1804
vn -0.0622 0.0985 0.9932
vn -0.3229 0.9464 -0.0109
vn -0.5791 -0.0985 -0.8093
vn -0.1636 -0.8049 -0.5704
vn -0.2061 0.6640 -0.7188
vn 0.0622 -0.0985 -0.9932
vn 0.3229 -0.9464 0.0109
vn 0.2681 0.9464 -0.1804
vn 0.5791 0.0985 0.8093
vn 0.2061 -0.6640 0.7188
vn 0.1636 0.8049 0.5704
vn 0.0288 -0.9945 0.1005
vn -0.9613 -0.0000 0.2756
vn 0.2741 0.1045 0.9560
vn -0.0288 0.9945 -0.1005
vn -0.2741 -0.1045 -0.9560
vn 0.9613 -0.0000 -0.2756
vt 0.129500 0.745500
vt 0.129500 0.750000
vt 0.125000 0.745500
vt 0.620500 0.000000
vt 0.625000 0.004500
vt 0.620500 0.004500
vt 0.129500 0.504500
vt 0.125000 0.504500
vt 0.129500 0.500000
vt 0.625000 0.248500
vt 0.620500 0.253375
vt 0.620500 0.245500
vt 0.370500 0.745500
vt 0.378375 0.745500
vt 0.375000 0.752250
vt 0.627250 0.750000
vt 0.620500 0.754500
vt 0.620500 0.746625
vt 0.370500 0.504500
vt 0.375000 0.497750
vt 0.378375 0.504500
vt 0.627250 0.500000
vt 0.620500 0.503375
vt 0.620500 0.495500
vt 0.379500 0.000000
vt 0.379500 0.004500
vt 0.379500 0.254500
vt 0.379500 0.245500
vt 0.625000 0.995500
vt 0.620500 0.995500
vt 0.379500 0.995500
vt 0.870500 0.504500
vt 0.870500 0.745500
s 0
g Visor_visor
usemtl visor
f 359/601/375 360/602/375 361/603/375
f 362/604/376 363/605/376 364/606/376
f 365/607/377 366/608/377 367/609/377
f 368/610/378 369/611/378 370/612/378
f 371/613/379 372/614/379 373/615/379
f 374/616/380 375/617/380 376/618/380
f 377/619/381 378/620/381 379/621/381
f 380/622/382 381/623/382 382/624/382
f 365/607/383 359/601/383 361/603/383 366/608/383
f 360/625/384 362/604/384 364/606/384 361/626/384
f 363/605/385 368/610/385 370/612/385 364/606/385
f 369/611/386 367/627/386 366/628/386 370/612/386
f 377/619/387 365/607/387 367/609/387 378/620/387
f 368/610/388 380/622/388 382/624/388 369/611/388
f 381/623/389 379/621/389 378/620/389 382/624/389
f 371/613/390 377/619/390 379/621/390 372/614/390
f 380/622/391 374/616/391 376/618/391 381/623/391
f 375/617/392 373/615/392 372/614/392 376/618/392
f 359/601/393 371/613/393 373/615/393 360/602/393
f 374/616/394 363/629/394 362/630/394 375/617/394
f 365/607/395 377/619/395 371/613/395 359/601/395
f 361/626/396 364/606/396 370/612/396 366/628/396
f 373/615/397 375/617/397 362/630/397 360/631/397
f 380/622/398 368/632/398 363/633/398 374/616/398
f 367/627/399 369/611/399 382/624/399 378/620/399
f 379/621/400 381/623/400 376/618/400 372/614/400
g Visor_Slit_Cube.009
v -0.060316 1.624000 0.236936
v -0.060316 1.640000 0.236936
v -0.062245 1.624000 0.230207
v -0.062245 1.640000 0.230207
v 0.062245 1.624000 0.201793
v 0.062245 1.640000 0.201793
v 0.060316 1.624000 0.195064
v 0.060316 1.640000 0.195064
vn -0.9613 -0.0000 0.2756
vn -0.2756 -0.0000 -0.9613
vn 0.9613 -0.0000 -0.2756
vn 0.2756 -0.0000 0.9613
vn -0.0000 -1.0000 -0.0000
vn -0.0000 1.0000 -0.0000
vt 0.375000 0.000000
vt 0.625000 0.000000
vt 0.625000 0.250000
vt 0.375000 0.250000
vt 0.625000 0.500000
vt 0.375000 0.500000
vt 0.625000 0.750000
vt 0.375000 0.750000
vt 0.625000 1.000000
vt 0.375000 1.000000
vt 0.125000 0.500000
vt 0.125000 0.750000
vt 0.875000 0.500000
vt 0.875000 0.750000
s 0
g Visor_Slit_glow
usemtl glow
f 383/634/401 384/635/401 386/636/401 385/637/401
f 385/637/402 386/636/402 390/638/402 389/639/402
f 389/639/403 390/638/403 388/640/403 387/641/403
f 387/641/404 388/640/404 384/642/404 383/643/404
f 385/644/405 389/639/405 387/641/405 383/645/405
f 390/638/406 386/646/406 384/647/406 388/640/406
g Hair_Icosphere.005
v 0.000000 1.414760 -0.020000
v 0.203347 1.543691 0.051856
v -0.008693 1.543690 0.193106
v -0.208720 1.543691 0.039849
v -0.120301 1.543690 -0.196118
v 0.134370 1.543691 -0.188695
v 0.120301 1.752310 0.156118
v -0.134370 1.752309 0.148695
v -0.203347 1.752309 -0.091856
v 0.008693 1.752310 -0.233106
v 0.208720 1.752309 -0.079849
v 0.000000 1.881240 -0.020000
v -0.005109 1.449593 0.105260
v 0.119523 1.449593 0.022236
v 0.114415 1.525377 0.147496
v 0.198504 1.525377 -0.076920
v 0.078980 1.449593 -0.119156
v -0.122682 1.449594 0.015179
v -0.127792 1.525377 0.140439
v -0.070710 1.449593 -0.123519
v -0.193394 1.525377 -0.088340
v 0.008269 1.525377 -0.222675
v 0.242207 1.648000 -0.012943
v 0.201663 1.648000 -0.154335
v 0.065602 1.648000 0.208780
v 0.190236 1.648000 0.125756
v -0.201663 1.648000 0.114335
v -0.084090 1.648000 0.204418
v -0.190236 1.648000 -0.165756
v -0.242207 1.648000 -0.027057
v 0.084090 1.648000 -0.244418
v -0.065602 1.648000 -0.248780
v 0.193394 1.770623 0.048340
v -0.008269 1.770623 0.182675
v -0.198504 1.770623 0.036920
v -0.114415 1.770623 -0.187496
v 0.127792 1.770623 -0.180439
v 0.070710 1.846407 0.083519
v 0.122682 1.846406 -0.055179
v -0.078980 1.846407 0.079156
v -0.119523 1.846407 -0.062236
v 0.005109 1.846407 -0.145260
vn 0.1801 -0.9458 0.2704
vn 0.7341 -0.6755 0.0685
vn -0.1956 -0.9469 0.2553
vn -0.3012 -0.9469 -0.1129
vn 0.0095 -0.9458 -0.3247
vn 0.9397 -0.3418 0.0133
vn 0.2828 -0.3364 0.8983
vn -0.7617 -0.3416 0.5506
vn -0.7510 -0.3385 -0.5669
vn 0.2903 -0.3382 -0.8951
vn 0.9285 -0.1298 0.3479
vn -0.0289 -0.1284 0.9913
vn -0.9530 -0.1307 0.2733
vn -0.5498 -0.1284 -0.8254
vn 0.6030 -0.1298 -0.7871
vn 0.5554 0.6713 0.4907
vn -0.2821 0.6720 0.6847
vn -0.7341 0.6755 -0.0685
vn -0.1686 0.6692 -0.7237
vn 0.6294 0.6760 -0.3833
vn 0.1956 0.9469 -0.2553
vn 0.3615 0.8042 -0.4718
vn 0.2110 0.6713 -0.7105
vn -0.1801 0.9458 -0.2704
vn -0.3319 0.8011 -0.4982
vn -0.6021 0.6720 -0.4311
vn -0.3073 0.9475 0.0881
vn -0.5688 0.8062 0.1631
vn -0.5863 0.6755 0.4471
vn -0.0095 0.9458 0.3247
vn -0.0174 0.8011 0.5983
vn 0.2405 0.6692 0.7031
vn 0.3012 0.9469 0.1129
vn 0.5566 0.8042 0.2086
vn 0.7369 0.6760 -0.0085
vn 0.7617 0.3416 -0.5506
vn 0.5967 0.1937 -0.7788
vn 0.3365 0.3385 -0.8787
vn -0.2828 0.3364 -0.8983
vn -0.5441 0.1916 -0.8168
vn -0.7206 0.3382 -0.6053
vn -0.9397 0.3418 -0.0133
vn -0.9428 0.1950 0.2703
vn -0.7899 0.3418 0.5092
vn -0.2903 0.3382 0.8951
vn -0.0286 0.1916 0.9811
vn 0.2362 0.3364 0.9116
vn 0.7510 0.3385 0.5669
vn 0.9187 0.1937 0.3442
vn 0.9377 0.3416 0.0633
vn 0.0289 0.1284 -0.9913
vn 0.0286 -0.1916 -0.9811
vn -0.2362 -0.3364 -0.9116
vn -0.9285 0.1298 -0.3479
vn -0.9187 -0.1937 -0.3442
vn -0.9377 -0.3416 -0.0633
vn -0.6030 0.1298 0.7871
vn -0.5967 -0.1937 0.7788
vn -0.3365 -0.3385 0.8787
vn 0.5498 0.1284 0.8254
vn 0.5441 -0.1916 0.8168
vn 0.7206 -0.3382 0.6053
vn 0.9530 0.1307 -0.2733
vn 0.9428 -0.1950 -0.2703
vn 0.7899 -0.3418 -0.5092
vn 0.2821 -0.6720 -0.6847
vn 0.0174 -0.8011 -0.5983
vn -0.2405 -0.6692 -0.7031
vn -0.5554 -0.6713 -0.4907
vn -0.5566 -0.8042 -0.2086
vn -0.7369 -0.6760 0.0085
vn -0.6294 -0.6760 0.3833
vn -0.3615 -0.8042 0.4718
vn -0.2110 -0.6713 0.7105
vn 0.5863 -0.6755 -0.4471
vn 0.5688 -0.8062 -0.1631
vn 0.3073 -0.9475 -0.0881
vn 0.1686 -0.6692 0.7237
vn 0.3319 -0.8011 0.4982
vn 0.6021 -0.6720 0.4311
vt 0.181819 0.000000
vt 0.227273 0.078731
vt 0.136365 0.078731
vt 0.272728 0.157461
vt 0.318182 0.078731
vt 0.363637 0.157461
vt 0.909091 0.000000
vt 0.954545 0.078731
vt 0.863636 0.078731
vt 0.727273 0.000000
vt 0.772727 0.078731
vt 0.681818 0.078731
vt 0.545455 0.000000
vt 0.590909 0.078731
vt 0.500000 0.078731
vt 0.318182 0.236191
vt 0.090910 0.157461
vt 0.181819 0.157461
vt 0.136365 0.236191
vt 0.818182 0.157461
vt 0.909091 0.157461
vt 0.863636 0.236191
vt 0.636364 0.157461
vt 0.727273 0.157461
vt 0.681818 0.236191
vt 0.454546 0.157461
vt 0.545455 0.157461
vt 0.500000 0.236191
vt 0.227273 0.236191
vt 0.045455 0.236191
vt 0.772727 0.236191
vt 0.590909 0.236191
vt 0.409092 0.236191
vt 0.181819 0.314921
vt 0.272728 0.314921
vt 0.227273 0.393651
vt 0.000000 0.314921
vt 0.090910 0.314921
vt 0.045455 0.393651
vt 0.727273 0.314921
vt 0.818182 0.314921
vt 0.772727 0.393651
vt 0.545455 0.314921
vt 0.636364 0.314921
vt 0.590909 0.393651
vt 0.363637 0.314921
vt 0.454546 0.314921
vt 0.409092 0.393651
vt 0.500000 0.393651
vt 0.454546 0.472382
vt 0.681818 0.393651
vt 0.636364 0.472382
vt 0.863636 0.393651
vt 0.818182 0.472382
vt 0.909091 0.314921
vt 0.136365 0.393651
vt 0.090910 0.472382
vt 0.318182 0.393651
vt 0.272728 0.472382
vt 0.954545 0.236191
vt 1.000000 0.157461
vt 0.409092 0.078731
vt 0.363637 0.000000
s 0
g Hair_hair
usemtl hair
f 391/648/407 404/649/407 403/650/407
f 392/651/408 404/652/408 406/653/408
f 391/654/409 403/655/409 408/656/409
f 391/657/410 408/658/410 410/659/410
f 391/660/411 410/661/411 407/662/411
f 392/651/412 406/653/412 413/663/412
f 393/664/413 405/665/413 415/666/413
f 394/667/414 409/668/414 417/669/414
f 395/670/415 411/671/415 419/672/415
f 396/673/416 412/674/416 421/675/416
f 392/651/417 413/663/417 416/676/417
f 393/664/418 415/666/418 418/677/418
f 394/667/419 417/669/419 420/678/419
f 395/670/420 419/672/420 422/679/420
f 396/673/421 421/675/421 414/680/421
f 397/681/422 423/682/422 428/683/422
f 398/684/423 424/685/423 430/686/423
f 399/687/424 425/688/424 431/689/424
f 400/690/425 426/691/425 432/692/425
f 401/693/426 427/694/426 429/695/426
f 429/695/427 432/696/427 402/697/427
f 429/695/428 427/694/428 432/696/428
f 427/694/429 400/690/429 432/696/429
f 432/692/430 431/698/430 402/699/430
f 432/692/431 426/691/431 431/698/431
f 426/691/432 399/687/432 431/698/432
f 431/689/433 430/700/433 402/701/433
f 431/689/434 425/688/434 430/700/434
f 425/688/435 398/702/435 430/700/435
f 430/686/436 428/703/436 402/704/436
f 430/686/437 424/685/437 428/703/437
f 424/685/438 397/681/438 428/703/438
f 428/683/439 429/705/439 402/706/439
f 428/683/440 423/682/440 429/705/440
f 423/682/441 401/693/441 429/705/441
f 414/680/442 427/694/442 401/693/442
f 414/680/443 421/675/443 427/694/443
f 421/675/444 400/690/444 427/694/444
f 422/679/445 426/691/445 400/690/445
f 422/679/446 419/672/446 426/691/446
f 419/672/447 399/687/447 426/691/447
f 420/678/448 425/688/448 399/687/448
f 420/678/449 417/669/449 425/688/449
f 417/669/450 398/702/450 425/688/450
f 418/677/451 424/685/451 398/684/451
f 418/677/452 415/666/452 424/685/452
f 415/666/453 397/681/453 424/685/453
f 416/676/454 423/682/454 397/681/454
f 416/676/455 413/663/455 423/682/455
f 413/663/456 401/693/456 423/682/456
f 421/675/457 422/679/457 400/690/457
f 421/675/458 412/674/458 422/679/458
f 412/674/459 395/670/459 422/679/459
f 419/672/460 420/678/460 399/687/460
f 419/672/461 411/671/461 420/678/461
f 411/671/462 394/667/462 420/678/462
f 417/669/463 418/707/463 398/702/463
f 417/669/464 409/668/464 418/707/464
f 409/668/465 393/708/465 418/707/465
f 415/666/466 416/676/466 397/681/466
f 415/666/467 405/665/467 416/676/467
f 405/665/468 392/651/468 416/676/468
f 413/663/469 414/680/469 401/693/469
f 413/663/470 406/653/470 414/680/470
f 406/653/471 396/673/471 414/680/471
f 407/662/472 412/674/472 396/673/472
f 407/662/473 410/661/473 412/674/473
f 410/661/474 395/670/474 412/674/474
f 410/659/475 411/671/475 395/670/475
f 410/659/476 408/658/476 411/671/476
f 408/658/477 394/667/477 411/671/477
f 408/656/478 409/668/478 394/667/478
f 408/656/479 403/655/479 409/668/479
f 403/655/480 393/708/480 409/668/480
f 406/653/481 407/709/481 396/673/481
f 406/653/482 404/652/482 407/709/482
f 404/652/483 391/710/483 407/709/483
f 403/650/484 405/665/484 393/664/484
f 403/650/485 404/649/485 405/665/485
f 404/649/486 392/651/486 405/665/486
g Fringe_Cube.010
v -0.063838 1.709305 0.215759
v -0.063549 1.709629 0.216768
v -0.066100 1.709882 0.216579
v -0.060791 1.744522 0.226386
v -0.060989 1.745353 0.225695
v -0.063342 1.744776 0.226197
v -0.078586 1.724647 0.164328
v -0.080847 1.725224 0.165148
v -0.078784 1.725478 0.163637
v -0.075737 1.760695 0.174264
v -0.076026 1.760371 0.173255
v -0.078089 1.760118 0.174766
v 0.075737 1.709305 0.175736
v 0.078089 1.709882 0.175234
v 0.076026 1.709629 0.176745
v 0.078586 1.745353 0.185672
v 0.078784 1.744522 0.186363
v 0.080847 1.744776 0.184852
v 0.060989 1.724647 0.124305
v 0.060791 1.725478 0.123614
v 0.063342 1.725224 0.123803
v 0.063838 1.760695 0.134241
v 0.066100 1.760118 0.133421
v 0.063549 1.760371 0.133232
vn -0.1176 -0.9354 0.3333
vn 0.0069 0.6407 0.7678
vn -0.4010 -0.6407 -0.6548
vn -0.2764 0.9354 -0.2203
vn 0.2764 -0.9354 0.2203
vn 0.4010 0.6407 0.6548
vn -0.0069 -0.6407 -0.7678
vn 0.1176 0.9354 -0.3333
vn -0.3068 -0.9326 -0.1902
vn -0.0967 -0.2574 0.9615
vn -0.1594 0.9326 0.3239
vn -0.5915 0.2574 -0.7641
vn -0.2084 -0.6546 -0.7267
vn -0.0811 0.9557 -0.2828
vn 0.0967 0.2574 -0.9615
vn 0.1594 -0.9326 -0.3239
vn 0.3068 0.9326 0.1902
vn 0.5915 -0.2574 0.7641
vn 0.0811 -0.9557 0.2828
vn 0.2084 0.6546 0.7267
vn -0.0760 -0.9613 -0.2650
vn -0.9613 -0.0000 0.2756
vn 0.2650 -0.2756 0.9240
vn 0.0760 0.9613 0.2650
vn -0.2650 0.2756 -0.9240
vn 0.9613 -0.0000 -0.2756
vt 0.129000 0.746000
vt 0.129000 0.750000
vt 0.125000 0.746000
vt 0.621000 0.000000
vt 0.625000 0.004000
vt 0.621000 0.004000
vt 0.129000 0.504000
vt 0.125000 0.504000
vt 0.129000 0.500000
vt 0.625000 0.248667
vt 0.621000 0.253000
vt 0.621000 0.246000
vt 0.371000 0.746000
vt 0.378000 0.746000
vt 0.375000 0.752000
vt 0.627000 0.750000
vt 0.621000 0.754000
vt 0.621000 0.747000
vt 0.371000 0.504000
vt 0.375000 0.498000
vt 0.378000 0.504000
vt 0.627000 0.500000
vt 0.621000 0.503000
vt 0.621000 0.496000
vt 0.379000 0.000000
vt 0.379000 0.004000
vt 0.379000 0.254000
vt 0.379000 0.246000
vt 0.625000 0.996000
vt 0.621000 0.996000
vt 0.379000 0.996000
vt 0.871000 0.504000
vt 0.871000 0.746000
s 0
g Fringe_hair_pink
usemtl hair_pink
f 433/711/487 434/712/487 435/713/487
f 436/714/488 437/715/488 438/716/488
f 439/717/489 440/718/489 441/719/489
f 442/720/490 443/721/490 444/722/490
f 445/723/491 446/724/491 447/725/491
f 448/726/492 449/727/492 450/728/492
f 451/729/493 452/730/493 453/731/493
f 454/732/494 455/733/494 456/734/494
f 439/717/495 433/711/495 435/713/495 440/718/495
f 434/735/496 436/714/496 438/716/496 435/736/496
f 437/715/497 442/720/497 444/722/497 438/716/497
f 443/721/498 441/737/498 440/738/498 444/722/498
f 451/729/499 439/717/499 441/719/499 452/730/499
f 442/720/500 454/732/500 456/734/500 443/721/500
f 455/733/501 453/731/501 452/730/501 456/734/501
f 445/723/502 451/729/502 453/731/502 446/724/502
f 454/732/503 448/726/503 450/728/503 455/733/503
f 449/727/504 447/725/504 446/724/504 450/728/504
f 433/711/505 445/723/505 447/725/505 434/712/505
f 448/726/506 437/739/506 436/740/506 449/727/506
f 439/717/507 451/729/507 445/723/507 433/711/507
f 435/736/508 438/716/508 444/722/508 440/738/508
f 447/725/509 449/727/509 436/740/509 434/741/509
f 454/732/510 442/742/510 437/743/510 448/726/510
f 441/737/511 443/721/511 456/734/511 452/730/511
f 453/731/512 455/733/512 450/728/512 446/724/512
g Hair_L_Cube.011
v -0.210086 1.520000 0.037840
v -0.209627 1.521980 0.039440
v -0.210734 1.521980 0.038026
v -0.209627 1.628020 0.039440
v -0.210086 1.630000 0.037840
v -0.210734 1.628020 0.038026
v -0.234664 1.520000 -0.047876
v -0.235313 1.521980 -0.047690
v -0.235123 1.521980 -0.049476
v -0.234664 1.630000 -0.047876
v -0.235123 1.628020 -0.049476
v -0.235313 1.628020 -0.047690
v -0.175336 1.520000 0.027876
v -0.174687 1.521980 0.027690
v -0.174877 1.521980 0.029476
v -0.175336 1.630000 0.027876
v -0.174877 1.628020 0.029476
v -0.174687 1.628020 0.027690
v -0.199914 1.520000 -0.057840
v -0.200373 1.521980 -0.059440
v -0.199266 1.521980 -0.058026
v -0.199914 1.630000 -0.057840
v -0.199266 1.628020 -0.058026
v -0.200373 1.628020 -0.059440
vn -0.7507 -0.3013 0.5879
vn -0.7507 0.3013 0.5879
vn -0.9482 -0.3013 -0.1008
vn -0.9482 0.3013 -0.1008
vn 0.9482 -0.3013 0.1008
vn 0.9482 0.3013 0.1008
vn 0.7507 -0.3013 -0.5879
vn 0.7507 0.3013 -0.5879
vn -0.9098 -0.3227 0.2609
vn -0.7873 -0.0000 0.6166
vn -0.9098 0.3227 0.2609
vn -0.9944 -0.0000 -0.1057
vn -0.2110 -0.6436 -0.7357
vn -0.2110 0.6436 -0.7357
vn 0.7873 -0.0000 -0.6166
vn 0.9098 -0.3227 -0.2609
vn 0.9098 0.3227 -0.2609
vn 0.9944 -0.0000 0.1057
vn 0.2110 -0.6436 0.7357
vn 0.2110 0.6436 0.7357
vn -0.0000 -1.0000 -0.0000
vn -0.9613 -0.0000 0.2756
vn 0.2756 -0.0000 0.9613
vn -0.0000 1.0000 -0.0000
vn -0.2756 -0.0000 -0.9613
vn 0.9613 -0.0000 -0.2756
vt 0.129500 0.745500
vt 0.129500 0.750000
vt 0.125000 0.745500
vt 0.620500 0.000000
vt 0.625000 0.004500
vt 0.620500 0.004500
vt 0.129500 0.504500
vt 0.125000 0.504500
vt 0.129500 0.500000
vt 0.625000 0.248500
vt 0.620500 0.253375
vt 0.620500 0.245500
vt 0.370500 0.745500
vt 0.378375 0.745500
vt 0.375000 0.752250
vt 0.627250 0.750000
vt 0.620500 0.754500
vt 0.620500 0.746625
vt 0.370500 0.504500
vt 0.375000 0.497750
vt 0.378375 0.504500
vt 0.627250 0.500000
vt 0.620500 0.503375
vt 0.620500 0.495500
vt 0.379500 0.000000
vt 0.379500 0.004500
vt 0.379500 0.254500
vt 0.379500 0.245500
vt 0.625000 0.995500
vt 0.620500 0.995500
vt 0.379500 0.995500
vt 0.870500 0.504500
vt 0.870500 0.745500
s 0
g Hair_L_hair_pink
usemtl hair_pink
f 457/744/513 458/745/513 459/746/513
f 460/747/514 461/748/514 462/749/514
f 463/750/515 464/751/515 465/752/515
f 466/753/516 467/754/516 468/755/516
f 469/756/517 470/757/517 471/758/517
f 472/759/518 473/760/518 474/761/518
f 475/762/519 476/763/519 477/764/519
f 478/765/520 479/766/520 480/767/520
f 463/750/521 457/744/521 459/746/521 464/751/521
f 458/768/522 460/747/522 462/749/522 459/769/522
f 461/748/523 466/753/523 468/755/523 462/749/523
f 467/754/524 465/770/524 464/771/524 468/755/524
f 475/762/525 463/750/525 465/752/525 476/763/525
f 466/753/526 478/765/526 480/767/526 467/754/526
f 479/766/527 477/764/527 476/763/527 480/767/527
f 469/756/528 475/762/528 477/764/528 470/757/528
f 478/765/529 472/759/529 474/761/529 479/766/529
f 473/760/530 471/758/530 470/757/530 474/761/530
f 457/744/531 469/756/531 471/758/531 458/745/531
f 472/759/532 461/772/532 460/773/532 473/760/532
f 463/750/533 475/762/533 469/756/533 457/744/533
f 459/769/534 462/749/534 468/755/534 464/771/534
f 471/758/535 473/760/535 460/773/535 458/774/535
f 478/765/536 466/775/536 461/776/536 472/759/536
f 465/770/537 467/754/537 480/767/537 476/763/537
f 477/764/538 479/766/538 474/761/538 470/757/538
g Hair_R_Cube.012
v 0.199914 1.520000 0.037840
v 0.200373 1.521980 0.039440
v 0.199266 1.521980 0.038026
v 0.200373 1.628020 0.039440
v 0.199914 1.630000 0.037840
v 0.199266 1.628020 0.038026
v 0.175336 1.520000 -0.047876
v 0.174687 1.521980 -0.047690
v 0.174877 1.521980 -0.049476
v 0.175336 1.630000 -0.047876
v 0.174877 1.628020 -0.049476
v 0.174687 1.628020 -0.047690
v 0.234664 1.520000 0.027876
v 0.235313 1.521980 0.027690
v 0.235123 1.521980 0.029476
v 0.234664 1.630000 0.027876
v 0.235123 1.628020 0.029476
v 0.235313 1.628020 0.027690
v 0.210086 1.520000 -0.057840
v 0.209627 1.521980 -0.059440
v 0.210734 1.521980 -0.058026
v 0.210086 1.630000 -0.057840
v 0.210734 1.628020 -0.058026
v 0.209627 1.628020 -0.059440
vn -0.7507 -0.3013 0.5879
vn -0.7507 0.3013 0.5879
vn -0.9482 -0.3013 -0.1008
vn -0.9482 0.3013 -0.1008
vn 0.9482 -0.3013 0.1008
vn 0.9482 0.3013 0.1008
vn 0.7507 -0.3013 -0.5879
vn 0.7507 0.3013 -0.5879
vn -0.9098 -0.3227 0.2609
vn -0.7873 -0.0000 0.6166
vn -0.9098 0.3227 0.2609
vn -0.9944 -0.0000 -0.1057
vn -0.2110 -0.6436 -0.7357
vn -0.2110 0.6436 -0.7357
vn 0.7873 -0.0000 -0.6166
vn 0.9098 -0.3227 -0.2609
vn 0.9098 0.3227 -0.2609
vn 0.9944 -0.0000 0.1057
vn 0.2110 -0.6436 0.7357
vn 0.2110 0.6436 0.7357
vn -0.0000 -1.0000 -0.0000
vn -0.9613 -0.0000 0.2756
vn 0.2756 -0.0000 0.9613
vn -0.0000 1.0000 -0.0000
vn -0.2756 -0.0000 -0.9613
vn 0.9613 -0.0000 -0.2756
vt 0.129500 0.745500
vt 0.129500 0.750000
vt 0.125000 0.745500
vt 0.620500 0.000000
vt 0.625000 0.004500
vt 0.620500 0.004500
vt 0.129500 0.504500
vt 0.125000 0.504500
vt 0.129500 0.500000
vt 0.625000 0.248500
vt 0.620500 0.253375
vt 0.620500 0.245500
vt 0.370500 0.745500
vt 0.378375 0.745500
vt 0.375000 0.752250
vt 0.627250 0.750000
vt 0.620500 0.754500
vt 0.620500 0.746625
vt 0.370500 0.504500
vt 0.375000 0.497750
vt 0.378375 0.504500
vt 0.627250 0.500000
vt 0.620500 0.503375
vt 0.620500 0.495500
vt 0.379500 0.000000
vt 0.379500 0.004500
vt 0.379500 0.254500
vt 0.379500 0.245500
vt 0.625000 0.995500
vt 0.620500 0.995500
vt 0.379500 0.995500
vt 0.870500 0.504500
vt 0.870500 0.745500
s 0
g Hair_R_hair_pink
usemtl hair_pink
f 481/777/539 482/778/539 483/779/539
f 484/780/540 485/781/540 486/782/540
f 487/783/541 488/784/541 489/785/541
f 490/786/542 491/787/542 492/788/542
f 493/789/543 494/790/543 495/791/543
f 496/792/544 497/793/544 498/794/544
f 499/795/545 500/796/545 501/797/545
f 502/798/546 503/799/546 504/800/546
f 487/783/547 481/777/547 483/779/547 488/784/547
f 482/801/548 484/780/548 486/782/548 483/802/548
f 485/781/549 490/786/549 492/788/549 486/782/549
f 491/787/550 489/803/550 488/804/550 492/788/550
f 499/795/551 487/783/551 489/785/551 500/796/551
f 490/786/552 502/798/552 504/800/552 491/787/552
f 503/799/553 501/797/553 500/796/553 504/800/553
f 493/789/554 499/795/554 501/797/554 494/790/554
f 502/798/555 496/792/555 498/794/555 503/799/555
f 497/793/556 495/791/556 494/790/556 498/794/556
f 481/777/557 493/789/557 495/791/557 482/778/557
f 496/792/558 485/805/558 484/806/558 497/793/558
f 487/783/559 499/795/559 493/789/559 481/777/559
f 483/802/560 486/782/560 492/788/560 488/804/560
f 495/791/561 497/793/561 484/806/561 482/807/561
f 502/798/562 490/808/562 485/809/562 496/792/562
f 489/803/563 491/787/563 504/800/563 500/796/563
f 501/797/564 503/799/564 498/794/564 494/790/564
g Horn_L_Cone
v -0.090220 1.724813 -0.051034
v -0.141078 2.213309 0.063600
v -0.030425 1.726499 -0.010962
v -0.136095 2.213450 0.066940
v -0.034765 1.719001 0.060515
v -0.136457 2.212825 0.072896
v -0.098901 1.709818 0.091920
v -0.141801 2.212059 0.075513
v -0.158696 1.708133 0.051849
v -0.146784 2.211919 0.072174
v -0.154355 1.715630 -0.019628
v -0.146423 2.212544 0.066218
vn 0.5349 0.2454 -0.8085
vn 0.9767 0.1991 0.0802
vn 0.4311 0.0662 0.8998
vn -0.5562 -0.0204 0.8308
vn -0.0938 0.9907 0.0982
vn -0.9980 0.0259 -0.0579
vn -0.4524 0.1588 -0.8775
vn 0.0938 -0.9907 -0.0982
vt 1.000000 0.500000
vt 1.000000 1.000000
vt 0.833333 1.000000
vt 0.833333 0.500000
vt 0.666667 1.000000
vt 0.666667 0.500000
vt 0.500000 1.000000
vt 0.500000 0.500000
vt 0.333333 1.000000
vt 0.333333 0.500000
vt 0.457846 0.370000
vt 0.250000 0.490000
vt 0.042154 0.370000
vt 0.042154 0.130000
vt 0.250000 0.010000
vt 0.457846 0.130000
vt 0.166667 1.000000
vt 0.166667 0.500000
vt -0.000000 1.000000
vt -0.000000 0.500000
vt 0.750000 0.490000
vt 0.957846 0.370000
vt 0.957846 0.130000
vt 0.750000 0.010000
vt 0.542154 0.130000
vt 0.542154 0.370000
s 0
g Horn_L_horn
usemtl horn
f 505/810/565 506/811/565 508/812/565 507/813/565
f 507/813/566 508/812/566 510/814/566 509/815/566
f 509/815/567 510/814/567 512/816/567 511/817/567
f 511/817/568 512/816/568 514/818/568 513/819/568
f 508/820/569 506/821/569 516/822/569 514/823/569 512/824/569 510/825/569
f 513/819/570 514/818/570 516/826/570 515/827/570
f 515/827/571 516/826/571 506/828/571 505/829/571
f 505/830/572 507/831/572 509/832/572 511/833/572 513/834/572 515/835/572
g Horn_L_Base_Torus.002
v -0.045178 1.735000 0.050092
v -0.056151 1.746000 0.049325
v -0.067124 1.735000 0.048558
v -0.056151 1.724000 0.049325
v -0.056092 1.735000 0.006316
v -0.065421 1.746000 0.012145
v -0.074750 1.735000 0.017974
v -0.065421 1.724000 0.012145
v -0.090654 1.735000 -0.022684
v -0.094774 1.746000 -0.012485
v -0.098895 1.735000 -0.002286
v -0.094774 1.724000 -0.012485
v -0.135660 1.735000 -0.025832
v -0.132999 1.746000 -0.015158
v -0.130338 1.735000 -0.004485
v -0.132999 1.724000 -0.015158
v -0.173921 1.735000 -0.001923
v -0.165495 1.746000 0.005147
v -0.157068 1.735000 0.012218
v -0.165495 1.724000 0.005147
v -0.190822 1.735000 0.039908
v -0.179849 1.746000 0.040675
v -0.168876 1.735000 0.041442
v -0.179849 1.724000 0.040675
v -0.179908 1.735000 0.083684
v -0.170579 1.746000 0.077855
v -0.161250 1.735000 0.072026
v -0.170579 1.724000 0.077855
v -0.145346 1.735000 0.112684
v -0.141226 1.746000 0.102485
v -0.137105 1.735000 0.092286
v -0.141226 1.724000 0.102485
v -0.100340 1.735000 0.115832
v -0.103001 1.746000 0.105158
v -0.105662 1.735000 0.094485
v -0.103001 1.724000 0.105158
v -0.062079 1.735000 0.091924
v -0.070505 1.746000 0.084853
v -0.078932 1.735000 0.077782
v -0.070505 1.724000 0.084853
vn 0.7031 0.6892 -0.1753
vn -0.7031 0.6892 0.1753
vn -0.7031 -0.6892 0.1753
vn 0.7031 -0.6892 -0.1753
vn 0.4658 0.6892 -0.5551
vn -0.4658 0.6892 0.5551
vn -0.4658 -0.6892 0.5551
vn 0.4658 -0.6892 -0.5551
vn 0.0505 0.6892 -0.7229
vn -0.0505 0.6892 0.7229
vn -0.0505 -0.6892 0.7229
vn 0.0505 -0.6892 -0.7229
vn -0.3840 0.6892 -0.6145
vn 0.3840 0.6892 0.6145
vn 0.3840 -0.6892 0.6145
vn -0.3840 -0.6892 -0.6145
vn -0.6719 0.6892 -0.2714
vn 0.6719 0.6892 0.2714
vn 0.6719 -0.6892 0.2714
vn -0.6719 -0.6892 -0.2714
vt 0.600000 0.500000
vt 0.700000 0.500000
vt 0.700000 0.750000
vt 0.600000 0.750000
vt 0.700000 1.000000
vt 0.600000 1.000000
vt 0.600000 0.000000
vt 0.700000 0.000000
vt 0.700000 0.250000
vt 0.600000 0.250000
vt 0.800000 0.500000
vt 0.800000 0.750000
vt 0.800000 1.000000
vt 0.800000 0.000000
vt 0.800000 0.250000
vt 0.900000 0.500000
vt 0.900000 0.750000
vt 0.900000 1.000000
vt 0.900000 0.000000
vt 0.900000 0.250000
vt 1.000000 0.500000
vt 1.000000 0.750000
vt 1.000000 1.000000
vt 1.000000 0.000000
vt 1.000000 0.250000
vt -0.000000 0.500000
vt 0.100000 0.500000
vt 0.100000 0.750000
vt -0.000000 0.750000
vt 0.100000 1.000000
vt -0.000000 1.000000
vt -0.000000 0.000000
vt 0.100000 0.000000
vt 0.100000 0.250000
vt -0.000000 0.250000
vt 0.200000 0.500000
vt 0.200000 0.750000
vt 0.200000 1.000000
vt 0.200000 0.000000
vt 0.200000 0.250000
vt 0.300000 0.500000
vt 0.300000 0.750000
vt 0.300000 1.000000
vt 0.300000 0.000000
vt 0.300000 0.250000
vt 0.400000 0.500000
vt 0.400000 0.750000
vt 0.400000 1.000000
vt 0.400000 0.000000
vt 0.400000 0.250000
vt 0.500000 0.500000
vt 0.500000 0.750000
vt 0.500000 1.000000
vt 0.500000 0.000000
vt 0.500000 0.250000
s 0
g Horn_L_Base_glow
usemtl glow
f 517/836/573 521/837/573 522/838/573 518/839/573
f 518/839/574 522/838/574 523/840/574 519/841/574
f 519/842/575 523/843/575 524/844/575 520/845/575
f 520/845/576 524/844/576 521/837/576 517/836/576
f 521/837/577 525/846/577 526/847/577 522/838/577
f 522/838/578 526/847/578 527/848/578 523/840/578
f 523/843/579 527/849/579 528/850/579 524/844/579
f 524/844/580 528/850/580 525/846/580 521/837/580
f 525/846/581 529/851/581 530/852/581 526/847/581
f 526/847/582 530/852/582 531/853/582 527/848/582
f 527/849/583 531/854/583 532/855/583 528/850/583
f 528/850/584 532/855/584 529/851/584 525/846/584
f 529/851/585 533/856/585 534/857/585 530/852/585
f 530/852/586 534/857/586 535/858/586 531/853/586
f 531/854/587 535/859/587 536/860/587 532/855/587
f 532/855/588 536/860/588 533/856/588 529/851/588
f 533/861/589 537/862/589 538/863/589 534/864/589
f 534/864/590 538/863/590 539/865/590 535/866/590
f 535/867/591 539/868/591 540/869/591 536/870/591
f 536/870/592 540/869/592 537/862/592 533/861/592
f 537/862/574 541/871/574 542/872/574 538/863/574
f 538/863/573 542/872/573 543/873/573 539/865/573
f 539/868/576 543/874/576 544/875/576 540/869/576
f 540/869/575 544/875/575 541/871/575 537/862/575
f 541/871/578 545/876/578 546/877/578 542/872/578
f 542/872/577 546/877/577 547/878/577 543/873/577
f 543/874/580 547/879/580 548/880/580 544/875/580
f 544/875/579 548/880/579 545/876/579 541/871/579
f 545/876/582 549/881/582 550/882/582 546/877/582
f 546/877/581 550/882/581 551/883/581 547/878/581
f 547/879/584 551/884/584 552/885/584 548/880/584
f 548/880/583 552/885/583 549/881/583 545/876/583
f 549/881/586 553/886/586 554/887/586 550/882/586
f 550/882/585 554/887/585 555/888/585 551/883/585
f 551/884/588 555/889/588 556/890/588 552/885/588
f 552/885/587 556/890/587 553/886/587 549/881/587
f 553/886/590 517/836/590 518/839/590 554/887/590
f 554/887/589 518/839/589 519/841/589 555/888/589
f 555/889/592 519/842/592 520/845/592 556/890/592
f 556/890/591 520/845/591 517/836/591 553/886/591
g Horn_R_Cone.001
v 0.043551 1.724813 -0.021720
v 0.147428 2.213309 0.048545
v 0.114583 1.715630 -0.029073
v 0.153347 2.212544 0.047932
v 0.156141 1.708133 0.029242
v 0.156810 2.211919 0.052791
v 0.126667 1.709818 0.094911
v 0.154354 2.212059 0.058264
v 0.055635 1.719001 0.102265
v 0.148435 2.212825 0.058877
v 0.014077 1.726499 0.043949
v 0.144972 2.213450 0.054017
vn -0.0813 0.1588 -0.9840
vn 0.8157 0.0259 -0.5779
vn 0.9119 -0.0204 0.4098
vn 0.1112 0.0662 0.9916
vn 0.1316 0.9907 0.0336
vn -0.7858 0.1991 0.5856
vn -0.8821 0.2454 -0.4022
vn -0.1316 -0.9907 -0.0336
vt 1.000000 0.500000
vt 1.000000 1.000000
vt 0.833333 1.000000
vt 0.833333 0.500000
vt 0.666667 1.000000
vt 0.666667 0.500000
vt 0.500000 1.000000
vt 0.500000 0.500000
vt 0.333333 1.000000
vt 0.333333 0.500000
vt 0.457846 0.370000
vt 0.250000 0.490000
vt 0.042154 0.370000
vt 0.042154 0.130000
vt 0.250000 0.010000
vt 0.457846 0.130000
vt 0.166667 1.000000
vt 0.166667 0.500000
vt -0.000000 1.000000
vt -0.000000 0.500000
vt 0.750000 0.490000
vt 0.957846 0.370000
vt 0.957846 0.130000
vt 0.750000 0.010000
vt 0.542154 0.130000
vt 0.542154 0.370000
s 0
g Horn_R_horn
usemtl horn
f 557/891/593 558/892/593 560/893/593 559/894/593
f 559/894/594 560/893/594 562/895/594 561/896/594
f 561/896/595 562/895/595 564/897/595 563/898/595
f 563/898/596 564/897/596 566/899/596 565/900/596
f 560/901/597 558/902/597 568/903/597 566/904/597 564/905/597 562/906/597
f 565/900/598 566/899/598 568/907/598 567/908/598
f 567/908/599 568/907/599 558/909/599 557/910/599
f 557/911/600 559/912/600 561/913/600 563/914/600 565/915/600 567/916/600
g Horn_R_Base_Torus.003
v 0.177058 1.735000 0.002092
v 0.168159 1.746000 0.008557
v 0.159260 1.735000 0.015023
v 0.168159 1.724000 0.008557
v 0.140558 1.735000 -0.024427
v 0.137159 1.746000 -0.013966
v 0.133760 1.735000 -0.003504
v 0.137159 1.724000 -0.013966
v 0.095442 1.735000 -0.024427
v 0.098841 1.746000 -0.013966
v 0.102240 1.735000 -0.003504
v 0.098841 1.724000 -0.013966
v 0.058942 1.735000 0.002092
v 0.067841 1.746000 0.008557
v 0.076740 1.735000 0.015023
v 0.067841 1.724000 0.008557
v 0.045000 1.735000 0.045000
v 0.056000 1.746000 0.045000
v 0.067000 1.735000 0.045000
v 0.056000 1.724000 0.045000
v 0.058942 1.735000 0.087908
v 0.067841 1.746000 0.081443
v 0.076740 1.735000 0.074977
v 0.067841 1.724000 0.081443
v 0.095442 1.735000 0.114427
v 0.098841 1.746000 0.103965
v 0.102240 1.735000 0.093504
v 0.098841 1.724000 0.103965
v 0.140558 1.735000 0.114427
v 0.137159 1.746000 0.103966
v 0.133760 1.735000 0.093504
v 0.137159 1.724000 0.103966
v 0.177058 1.735000 0.087908
v 0.168159 1.746000 0.081443
v 0.159260 1.735000 0.074977
v 0.168159 1.724000 0.081443
v 0.191000 1.735000 0.045000
v 0.180000 1.746000 0.045000
v 0.169000 1.735000 0.045000
v 0.180000 1.724000 0.045000
vn 0.4259 0.6892 -0.5862
vn -0.4259 0.6892 0.5862
vn -0.4259 -0.6892 0.5862
vn 0.4259 -0.6892 -0.5862
vn -0.0000 0.6892 -0.7246
vn -0.0000 0.6892 0.7246
vn -0.0000 -0.6892 0.7246
vn -0.0000 -0.6892 -0.7246
vn -0.4259 0.6892 -0.5862
vn 0.4259 0.6892 0.5862
vn 0.4259 -0.6892 0.5862
vn -0.4259 -0.6892 -0.5862
vn -0.6892 0.6892 -0.2239
vn 0.6892 0.6892 0.2239
vn 0.6892 -0.6892 0.2239
vn -0.6892 -0.6892 -0.2239
vn -0.6892 0.6892 0.2239
vn 0.6892 0.6892 -0.2239
vn 0.6892 -0.6892 -0.2239
vn -0.6892 -0.6892 0.2239
vt 0.600000 0.500000
vt 0.700000 0.500000
vt 0.700000 0.750000
vt 0.600000 0.750000
vt 0.700000 1.000000
vt 0.600000 1.000000
vt 0.600000 0.000000
vt 0.700000 0.000000
vt 0.700000 0.250000
vt 0.600000 0.250000
vt 0.800000 0.500000
vt 0.800000 0.750000
vt 0.800000 1.000000
vt 0.800000 0.000000
vt 0.800000 0.250000
vt 0.900000 0.500000
vt 0.900000 0.750000
vt 0.900000 1.000000
vt 0.900000 0.000000
vt 0.900000 0.250000
vt 1.000000 0.500000
vt 1.000000 0.750000
vt 1.000000 1.000000
vt 1.000000 0.000000
vt 1.000000 0.250000
vt -0.000000 0.500000
vt 0.100000 0.500000
vt 0.100000 0.750000
vt -0.000000 0.750000
vt 0.100000 1.000000
vt -0.000000 1.000000
vt -0.000000 0.000000
vt 0.100000 0.000000
vt 0.100000 0.250000
vt -0.000000 0.250000
vt 0.200000 0.500000
vt 0.200000 0.750000
vt 0.200000 1.000000
vt 0.200000 0.000000
vt 0.200000 0.250000
vt 0.300000 0.500000
vt 0.300000 0.750000
vt 0.300000 1.000000
vt 0.300000 0.000000
vt 0.300000 0.250000
vt 0.400000 0.500000
vt 0.400000 0.750000
vt 0.400000 1.000000
vt 0.400000 0.000000
vt 0.400000 0.250000
vt 0.500000 0.500000
vt 0.500000 0.750000
vt 0.500000 1.000000
vt 0.500000 0.000000
vt 0.500000 0.250000
s 0
g Horn_R_Base_glow
usemtl glow
f 569/917/601 573/918/601 574/919/601 570/920/601
f 570/920/602 574/919/602 575/921/602 571/922/602
f 571/923/603 575/924/603 576/925/603 572/926/603
f 572/926/604 576/925/604 573/918/604 569/917/604
f 573/918/605 577/927/605 578/928/605 574/919/605
f 574/919/606 578/928/606 579/929/606 575/921/606
f 575/924/607 579/930/607 580/931/607 576/925/607
f 576/925/608 580/931/608 577/927/608 573/918/608
f 577/927/609 581/932/609 582/933/609 578/928/609
f 578/928/610 582/933/610 583/934/610 579/929/610
f 579/930/611 583/935/611 584/936/611 580/931/611
f 580/931/612 584/936/612 581/932/612 577/927/612
f 581/932/613 585/937/613 586/938/613 582/933/613
f 582/933/614 586/938/614 587/939/614 583/934/614
f 583/935/615 587/940/615 588/941/615 584/936/615
f 584/936/616 588/941/616 585/937/616 581/932/616
f 585/942/617 589/943/617 590/944/617 586/945/617
f 586/945/618 590/944/618 591/946/618 587/947/618
f 587/948/619 591/949/619 592/950/619 588/951/619
f 588/951/620 592/950/620 589/943/620 585/942/620
f 589/943/602 593/952/602 594/953/602 590/944/602
f 590/944/601 594/953/601 595/954/601 591/946/601
f 591/949/604 595/955/604 596/956/604 592/950/604
f 592/950/603 596/956/603 593/952/603 589/943/603
f 593/952/606 597/957/606 598/958/606 594/953/606
f 594/953/605 598/958/605 599/959/605 595/954/605
f 595/955/608 599/960/608 600/961/608 596/956/608
f 596/956/607 600/961/607 597/957/607 593/952/607
f 597/957/610 601/962/610 602/963/610 598/958/610
f 598/958/609 602/963/609 603/964/609 599/959/609
f 599/960/612 603/965/612 604/966/612 600/961/612
f 600/961/611 604/966/611 601/962/611 597/957/611
f 601/962/614 605/967/614 606/968/614 602/963/614
f 602/963/613 606/968/613 607/969/613 603/964/613
f 603/965/616 607/970/616 608/971/616 604/966/616
f 604/966/615 608/971/615 605/967/615 601/962/615
f 605/967/618 569/917/618 570/920/618 606/968/618
f 606/968/617 570/920/617 571/922/617 607/969/617
f 607/970/620 571/923/620 572/926/620 608/971/620
f 608/971/619 572/926/619 569/917/619 605/967/619
g Ring_1_Torus.004
v 0.668500 0.720000 0.000000
v 0.662627 0.720000 0.008084
v 0.653123 0.720000 0.004996
v 0.653123 0.720000 -0.004996
v 0.662627 0.720000 -0.008084
v 0.657118 0.842837 0.000000
v 0.651344 0.841757 0.008084
v 0.642003 0.840011 0.004996
v 0.642003 0.840011 -0.004996
v 0.651344 0.841757 -0.008084
v 0.623358 0.961490 0.000000
v 0.617881 0.959368 0.008084
v 0.609019 0.955935 0.004996
v 0.609019 0.955935 -0.004996
v 0.617881 0.959368 -0.008084
v 0.568370 1.071920 0.000000
v 0.563377 1.068828 0.008084
v 0.555297 1.063825 0.004996
v 0.555297 1.063825 -0.004996
v 0.563377 1.068828 -0.008084
v 0.494027 1.170366 0.000000
v 0.489687 1.166409 0.008084
v 0.482664 1.160006 0.004996
v 0.482664 1.160006 -0.004996
v 0.489687 1.166409 -0.008084
v 0.402861 1.253474 0.000000
v 0.399322 1.248787 0.008084
v 0.393595 1.241204 0.004996
v 0.393595 1.241204 -0.004996
v 0.399322 1.248787 -0.008084
v 0.297976 1.318417 0.000000
v 0.295358 1.313159 0.008084
v 0.291122 1.304652 0.004996
v 0.291122 1.304652 -0.004996
v 0.295358 1.313159 -0.008084
v 0.182944 1.362980 0.000000
v 0.181336 1.357331 0.008084
v 0.178736 1.348191 0.004996
v 0.178736 1.348191 -0.004996
v 0.181336 1.357331 -0.008084
v 0.061681 1.385648 0.000000
v 0.061139 1.379800 0.008084
v 0.060263 1.370337 0.004996
v 0.060263 1.370337 -0.004996
v 0.061139 1.379800 -0.008084
v -0.061681 1.385648 0.000000
v -0.061139 1.379800 0.008084
v -0.060262 1.370337 0.004996
v -0.060262 1.370337 -0.004996
v -0.061139 1.379800 -0.008084
v -0.182944 1.362980 0.000000
v -0.181336 1.357331 0.008084
v -0.178736 1.348191 0.004996
v -0.178736 1.348191 -0.004996
v -0.181336 1.357331 -0.008084
v -0.297976 1.318417 0.000000
v -0.295358 1.313159 0.008084
v -0.291122 1.304652 0.004996
v -0.291122 1.304652 -0.004996
v -0.295358 1.313159 -0.008084
v -0.402861 1.253474 0.000000
v -0.399322 1.248788 0.008084
v -0.393595 1.241204 0.004996
v -0.393595 1.241204 -0.004996
v -0.399322 1.248788 -0.008084
v -0.494028 1.170365 0.000000
v -0.489687 1.166409 0.008084
v -0.482664 1.160006 0.004996
v -0.482664 1.160006 -0.004996
v -0.489687 1.166409 -0.008084
v -0.568370 1.071920 0.000000
v -0.563376 1.068828 0.008084
v -0.555297 1.063825 0.004996
v -0.555297 1.063825 -0.004996
v -0.563376 1.068828 -0.008084
v -0.623358 0.961490 0.000000
v -0.617881 0.959368 0.008084
v -0.609019 0.955935 0.004996
v -0.609019 0.955935 -0.004996
v -0.617881 0.959368 -0.008084
v -0.657118 0.842837 0.000000
v -0.651344 0.841757 0.008084
v -0.642003 0.840011 0.004996
v -0.642003 0.840011 -0.004996
v -0.651344 0.841757 -0.008084
v -0.668500 0.720000 0.000000
v -0.662627 0.720000 0.008084
v -0.653123 0.720000 0.004996
v -0.653123 0.720000 -0.004996
v -0.662627 0.720000 -0.008084
v -0.657118 0.597163 -0.000000
v -0.651344 0.598243 0.008084
v -0.642003 0.599989 0.004996
v -0.642003 0.599989 -0.004996
v -0.651344 0.598243 -0.008084
v -0.623358 0.478510 -0.000000
v -0.617881 0.480632 0.008084
v -0.609020 0.484065 0.004996
v -0.609020 0.484065 -0.004996
v -0.617881 0.480632 -0.008084
v -0.568370 0.368080 -0.000000
v -0.563377 0.371172 0.008084
v -0.555297 0.376175 0.004996
v -0.555297 0.376175 -0.004996
v -0.563377 0.371172 -0.008084
v -0.494028 0.269635 -0.000000
v -0.489687 0.273591 0.008084
v -0.482664 0.279994 0.004996
v -0.482664 0.279994 -0.004996
v -0.489687 0.273591 -0.008084
v -0.402862 0.186526 -0.000000
v -0.399322 0.191213 0.008084
v -0.393595 0.198797 0.004996
v -0.393595 0.198797 -0.004996
v -0.399322 0.191213 -0.008084
v -0.297976 0.121583 -0.000000
v -0.295358 0.126841 0.008084
v -0.291122 0.135348 0.004996
v -0.291122 0.135348 -0.004996
v -0.295358 0.126841 -0.008084
v -0.182944 0.077020 -0.000000
v -0.181337 0.082669 0.008084
v -0.178736 0.091809 0.004996
v -0.178736 0.091809 -0.004996
v -0.181337 0.082669 -0.008084
v -0.061681 0.054352 -0.000000
v -0.061139 0.060200 0.008084
v -0.060262 0.069663 0.004996
v -0.060262 0.069663 -0.004996
v -0.061139 0.060200 -0.008084
v 0.061681 0.054352 -0.000000
v 0.061139 0.060200 0.008084
v 0.060263 0.069663 0.004996
v 0.060263 0.069663 -0.004996
v 0.061139 0.060200 -0.008084
v 0.182943 0.077020 -0.000000
v 0.181336 0.082669 0.008084
v 0.178735 0.091809 0.004996
v 0.178735 0.091809 -0.004996
v 0.181336 0.082669 -0.008084
v 0.297976 0.121583 -0.000000
v 0.295358 0.126841 0.008084
v 0.291122 0.135348 0.004996
v 0.291122 0.135348 -0.004996
v 0.295358 0.126841 -0.008084
v 0.402861 0.186525 -0.000000
v 0.399322 0.191212 0.008084
v 0.393595 0.198796 0.004996
v 0.393595 0.198796 -0.004996
v 0.399322 0.191212 -0.008084
v 0.494027 0.269634 -0.000000
v 0.489687 0.273591 0.008084
v 0.482664 0.279993 0.004996
v 0.482664 0.279993 -0.004996
v 0.489687 0.273591 -0.008084
v 0.568370 0.368080 -0.000000
v 0.563377 0.371172 0.008084
v 0.555297 0.376175 0.004996
v 0.555297 0.376175 -0.004996
v 0.563377 0.371172 -0.008084
v 0.623358 0.478510 -0.000000
v 0.617881 0.480631 0.008084
v 0.609019 0.484064 0.004996
v 0.609019 0.484064 -0.004996
v 0.617881 0.480631 -0.008084
v 0.657118 0.597164 -0.000000
v 0.651344 0.598243 0.008084
v 0.642003 0.599989 0.004996
v 0.642003 0.599989 -0.004996
v 0.651344 0.598243 -0.008084
vn 0.8068 0.0748 0.5861
vn -0.3089 -0.0286 0.9507
vn -0.9957 -0.0923 -0.0000
vn -0.3089 -0.0286 -0.9507
vn 0.8068 0.0748 -0.5861
vn 0.7793 0.2217 0.5861
vn -0.2984 -0.0849 0.9507
vn -0.9618 -0.2737 -0.0000
vn -0.2984 -0.0849 -0.9507
vn 0.7793 0.2217 -0.5861
vn 0.7253 0.3611 0.5861
vn -0.2777 -0.1383 0.9507
vn -0.8952 -0.4457 -0.0000
vn -0.2777 -0.1383 -0.9507
vn 0.7253 0.3611 -0.5861
vn 0.6466 0.4883 0.5861
vn -0.2476 -0.1869 0.9507
vn -0.7980 -0.6026 -0.0000
vn -0.2476 -0.1869 -0.9507
vn 0.6466 0.4883 -0.5861
vn 0.5458 0.5988 0.5861
vn -0.2090 -0.2292 0.9507
vn -0.6737 -0.7390 -0.0000
vn -0.2090 -0.2292 -0.9507
vn 0.5458 0.5988 -0.5861
vn 0.4265 0.6889 0.5861
vn -0.1633 -0.2637 0.9507
vn -0.5264 -0.8502 -0.0000
vn -0.1633 -0.2637 -0.9507
vn 0.4265 0.6889 -0.5861
vn 0.2927 0.7555 0.5861
vn -0.1121 -0.2893 0.9507
vn -0.3612 -0.9325 -0.0000
vn -0.1121 -0.2893 -0.9507
vn 0.2927 0.7555 -0.5861
vn 0.1489 0.7964 0.5861
vn -0.0570 -0.3049 0.9507
vn -0.1837 -0.9830 -0.0000
vn -0.0570 -0.3049 -0.9507
vn 0.1489 0.7964 -0.5861
vn -0.0000 0.8102 0.5861
vn -0.0000 -0.3102 0.9507
vn -0.0000 -1.0000 -0.0000
vn -0.0000 -0.3102 -0.9507
vn -0.0000 0.8102 -0.5861
vn -0.1489 0.7964 0.5861
vn 0.0570 -0.3049 0.9507
vn 0.1837 -0.9830 -0.0000
vn 0.0570 -0.3049 -0.9507
vn -0.1489 0.7964 -0.5861
vn -0.2927 0.7555 0.5861
vn 0.1121 -0.2893 0.9507
vn 0.3612 -0.9325 -0.0000
vn 0.1121 -0.2893 -0.9507
vn -0.2927 0.7555 -0.5861
vn -0.4265 0.6889 0.5861
vn 0.1633 -0.2637 0.9507
vn 0.5264 -0.8502 -0.0000
vn 0.1633 -0.2637 -0.9507
vn -0.4265 0.6889 -0.5861
vn -0.5458 0.5988 0.5861
vn 0.2090 -0.2293 0.9507
vn 0.6737 -0.7390 -0.0000
vn 0.2090 -0.2293 -0.9507
vn -0.5458 0.5988 -0.5861
vn -0.6466 0.4883 0.5861
vn 0.2476 -0.1869 0.9507
vn 0.7980 -0.6026 -0.0000
vn 0.2476 -0.1869 -0.9507
vn -0.6466 0.4883 -0.5861
vn -0.7253 0.3611 0.5861
vn 0.2777 -0.1383 0.9507
vn 0.8952 -0.4457 -0.0000
vn 0.2777 -0.1383 -0.9507
vn -0.7253 0.3611 -0.5861
vn -0.7793 0.2217 0.5861
vn 0.2984 -0.0849 0.9507
vn 0.9618 -0.2737 -0.0000
vn 0.2984 -0.0849 -0.9507
vn -0.7793 0.2217 -0.5861
vn -0.8068 0.0748 0.5861
vn 0.3089 -0.0286 0.9507
vn 0.9957 -0.0923 -0.0000
vn 0.3089 -0.0286 -0.9507
vn -0.8068 0.0748 -0.5861
vn -0.8068 -0.0748 0.5861
vn 0.3089 0.0286 0.9507
vn 0.9957 0.0923 -0.0000
vn 0.3089 0.0286 -0.9507
vn -0.8068 -0.0748 -0.5861
vn -0.7793 -0.2217 0.5861
vn 0.2984 0.0849 0.9507
vn 0.9618 0.2737 -0.0000
vn 0.2984 0.0849 -0.9507
vn -0.7793 -0.2217 -0.5861
vn -0.7253 -0.3611 0.5861
vn 0.2777 0.1383 0.9507
vn 0.8952 0.4457 -0.0000
vn 0.2777 0.1383 -0.9507
vn -0.7253 -0.3611 -0.5861
vn -0.6466 -0.4883 0.5861
vn 0.2476 0.1869 0.9507
vn 0.7980 0.6026 -0.0000
vn 0.2476 0.1869 -0.9507
vn -0.6466 -0.4883 -0.5861
vn -0.5458 -0.5988 0.5861
vn 0.2090 0.2292 0.9507
vn 0.6737 0.7390 -0.0000
vn 0.2090 0.2292 -0.9507
vn -0.5458 -0.5988 -0.5861
vn -0.4265 -0.6889 0.5861
vn 0.1633 0.2637 0.9507
vn 0.5264 0.8502 -0.0000
vn 0.1633 0.2637 -0.9507
vn -0.4265 -0.6889 -0.5861
vn -0.2927 -0.7555 0.5861
vn 0.1121 0.2893 0.9507
vn 0.3612 0.9325 -0.0000
vn 0.1121 0.2893 -0.9507
vn -0.2927 -0.7555 -0.5861
vn -0.1489 -0.7964 0.5861
vn 0.0570 0.3049 0.9507
vn 0.1837 0.9830 -0.0000
vn 0.0570 0.3049 -0.9507
vn -0.1489 -0.7964 -0.5861
vn -0.0000 -0.8102 0.5861
vn -0.0000 0.3102 0.9507
vn -0.0000 1.0000 -0.0000
vn -0.0000 0.3102 -0.9507
vn -0.0000 -0.8102 -0.5861
vn 0.1489 -0.7964 0.5861
vn -0.0570 0.3049 0.9507
vn -0.1837 0.9830 -0.0000
vn -0.0570 0.3049 -0.9507
vn 0.1489 -0.7964 -0.5861
vn 0.2927 -0.7555 0.5861
vn -0.1121 0.2893 0.9507
vn -0.3612 0.9325 -0.0000
vn -0.1121 0.2893 -0.9507
vn 0.2927 -0.7555 -0.5861
vn 0.4265 -0.6889 0.5861
vn -0.1633 0.2638 0.9507
vn -0.5264 0.8502 -0.0000
vn -0.1633 0.2638 -0.9507
vn 0.4265 -0.6889 -0.5861
vn 0.5458 -0.5988 0.5861
vn -0.2090 0.2293 0.9507
vn -0.6737 0.7390 -0.0000
vn -0.2090 0.2293 -0.9507
vn 0.5458 -0.5988 -0.5861
vn 0.6466 -0.4883 0.5861
vn -0.2476 0.1869 0.9507
vn -0.7980 0.6026 -0.0000
vn -0.2476 0.1869 -0.9507
vn 0.6466 -0.4883 -0.5861
vn 0.7253 -0.3611 0.5861
vn -0.2777 0.1383 0.9507
vn -0.8952 0.4457 -0.0000
vn -0.2777 0.1383 -0.9507
vn 0.7253 -0.3611 -0.5861
vn 0.7793 -0.2217 0.5861
vn -0.2984 0.0849 0.9507
vn -0.9618 0.2737 -0.0000
vn -0.2984 0.0849 -0.9507
vn 0.7793 -0.2217 -0.5861
vn 0.8068 -0.0748 0.5861
vn -0.3089 0.0286 0.9507
vn -0.9957 0.0923 -0.0000
vn -0.3089 0.0286 -0.9507
vn 0.8068 -0.0748 -0.5861
vt 0.500000 0.600000
vt 0.529412 0.600000
vt 0.529412 0.800000
vt 0.500000 0.800000
vt 0.529412 1.000000
vt 0.500000 1.000000
vt 0.500000 0.000000
vt 0.529412 0.000000
vt 0.529412 0.200000
vt 0.500000 0.200000
vt 0.529412 0.400000
vt 0.500000 0.400000
vt 0.558824 0.600000
vt 0.558824 0.800000
vt 0.558824 1.000000
vt 0.558824 0.000000
vt 0.558824 0.200000
vt 0.558824 0.400000
vt 0.588235 0.600000
vt 0.588235 0.800000
vt 0.588235 1.000000
vt 0.588235 0.000000
vt 0.588235 0.200000
vt 0.588235 0.400000
vt 0.617647 0.600000
vt 0.617647 0.800000
vt 0.617647 1.000000
vt 0.617647 0.000000
vt 0.617647 0.200000
vt 0.617647 0.400000
vt 0.647059 0.600000
vt 0.647059 0.800000
vt 0.647059 1.000000
vt 0.647059 0.000000
vt 0.647059 0.200000
vt 0.647059 0.400000
vt 0.676471 0.600000
vt 0.676471 0.800000
vt 0.676471 1.000000
vt 0.676471 0.000000
vt 0.676471 0.200000
vt 0.676471 0.400000
vt 0.705882 0.600000
vt 0.705882 0.800000
vt 0.705882 1.000000
vt 0.705882 0.000000
vt 0.705882 0.200000
vt 0.705882 0.400000
vt 0.735294 0.600000
vt 0.735294 0.800000
vt 0.735294 1.000000
vt 0.735294 0.000000
vt 0.735294 0.200000
vt 0.735294 0.400000
vt 0.764706 0.600000
vt 0.764706 0.800000
vt 0.764706 1.000000
vt 0.764706 0.000000
vt 0.764706 0.200000
vt 0.764706 0.400000
vt 0.794118 0.600000
vt 0.794118 0.800000
vt 0.794118 1.000000
vt 0.794118 0.000000
vt 0.794118 0.200000
vt 0.794118 0.400000
vt 0.823529 0.600000
vt 0.823529 0.800000
vt 0.823529 1.000000
vt 0.823529 0.000000
vt 0.823529 0.200000
vt 0.823529 0.400000
vt 0.852941 0.600000
vt 0.852941 0.800000
vt 0.852941 1.000000
vt 0.852941 0.000000
vt 0.852941 0.200000
vt 0.852941 0.400000
vt 0.882353 0.600000
vt 0.882353 0.800000
vt 0.882353 1.000000
vt 0.882353 0.000000
vt 0.882353 0.200000
vt 0.882353 0.400000
vt 0.911765 0.600000
vt 0.911765 0.800000
vt 0.911765 1.000000
vt 0.911765 0.000000
vt 0.911765 0.200000
vt 0.911765 0.400000
vt 0.941176 0.600000
vt 0.941176 0.800000
vt 0.941176 1.000000
vt 0.941176 0.000000
vt 0.941176 0.200000
vt 0.941176 0.400000
vt 0.970588 0.600000
vt 0.970588 0.800000
vt 0.970588 1.000000
vt 0.970588 0.000000
vt 0.970588 0.200000
vt 0.970588 0.400000
vt 1.000000 0.600000
vt 1.000000 0.800000
vt 1.000000 1.000000
vt 1.000000 0.000000
vt 1.000000 0.200000
vt 1.000000 0.400000
vt 0.000000 0.600000
vt 0.029412 0.600000
vt 0.029412 0.800000
vt 0.000000 0.800000
vt 0.029412 1.000000
vt 0.000000 1.000000
vt 0.000000 0.000000
vt 0.029412 0.000000
vt 0.029412 0.200000
vt 0.000000 0.200000
vt 0.029412 0.400000
vt 0.000000 0.400000
vt 0.058824 0.600000
vt 0.058824 0.800000
vt 0.058824 1.000000
vt 0.058824 0.000000
vt 0.058824 0.200000
vt 0.058824 0.400000
vt 0.088235 0.600000
vt 0.088235 0.800000
vt 0.088235 1.000000
vt 0.088235 0.000000
vt 0.088235 0.200000
vt 0.088235 0.400000
vt 0.117647 0.600000
vt 0.117647 0.800000
vt 0.117647 1.000000
vt 0.117647 0.000000
vt 0.117647 0.200000
vt 0.117647 0.400000
vt 0.147059 0.600000
vt 0.147059 0.800000
vt 0.147059 1.000000
vt 0.147059 0.000000
vt 0.147059 0.200000
vt 0.147059 0.400000
vt 0.176471 0.600000
vt 0.176471 0.800000
vt 0.176471 1.000000
vt 0.176471 0.000000
vt 0.176471 0.200000
vt 0.176471 0.400000
vt 0.205882 0.600000
vt 0.205882 0.800000
vt 0.205882 1.000000
vt 0.205882 0.000000
vt 0.205882 0.200000
vt 0.205882 0.400000
vt 0.235294 0.600000
vt 0.235294 0.800000
vt 0.235294 1.000000
vt 0.235294 0.000000
vt 0.235294 0.200000
vt 0.235294 0.400000
vt 0.264706 0.600000
vt 0.264706 0.800000
vt 0.264706 1.000000
vt 0.264706 0.000000
vt 0.264706 0.200000
vt 0.264706 0.400000
vt 0.294118 0.600000
vt 0.294118 0.800000
vt 0.294118 1.000000
vt 0.294118 0.000000
vt 0.294118 0.200000
vt 0.294118 0.400000
vt 0.323529 0.600000
vt 0.323529 0.800000
vt 0.323529 1.000000
vt 0.323529 0.000000
vt 0.323529 0.200000
vt 0.323529 0.400000
vt 0.352941 0.600000
vt 0.352941 0.800000
vt 0.352941 1.000000
vt 0.352941 0.000000
vt 0.352941 0.200000
vt 0.352941 0.400000
vt 0.382353 0.600000
vt 0.382353 0.800000
vt 0.382353 1.000000
vt 0.382353 0.000000
vt 0.382353 0.200000
vt 0.382353 0.400000
vt 0.411765 0.600000
vt 0.411765 0.800000
vt 0.411765 1.000000
vt 0.411765 0.000000
vt 0.411765 0.200000
vt 0.411765 0.400000
vt 0.441176 0.600000
vt 0.441176 0.800000
vt 0.441176 1.000000
vt 0.441176 0.000000
vt 0.441176 0.200000
vt 0.441176 0.400000
vt 0.470588 0.600000
vt 0.470588 0.800000
vt 0.470588 1.000000
vt 0.470588 0.000000
vt 0.470588 0.200000
vt 0.470588 0.400000
s 0
g Ring_1_glow
usemtl glow
f 609/972/621 614/973/621 615/974/621 610/975/621
f 610/975/622 615/974/622 616/976/622 611/977/622
f 611/978/623 616/979/623 617/980/623 612/981/623
f 612/981/624 617/980/624 618/982/624 613/983/624
f 613/983/625 618/982/625 614/973/625 609/972/625
f 614/973/626 619/984/626 620/985/626 615/974/626
f 615/974/627 620/985/627 621/986/627 616/976/627
f 616/979/628 621/987/628 622/988/628 617/980/628
f 617/980/629 622/988/629 623/989/629 618/982/629
f 618/982/630 623/989/630 619/984/630 614/973/630
f 619/984/631 624/990/631 625/991/631 620/985/631
f 620/985/632 625/991/632 626/992/632 621/986/632
f 621/987/633 626/993/633 627/994/633 622/988/633
f 622/988/634 627/994/634 628/995/634 623/989/634
f 623/989/635 628/995/635 624/990/635 619/984/635
f 624/990/636 629/996/636 630/997/636 625/991/636
f 625/991/637 630/997/637 631/998/637 626/992/637
f 626/993/638 631/999/638 632/1000/638 627/994/638
f 627/994/639 632/1000/639 633/1001/639 628/995/639
f 628/995/640 633/1001/640 629/996/640 624/990/640
f 629/996/641 634/1002/641 635/1003/641 630/997/641
f 630/997/642 635/1003/642 636/1004/642 631/998/642
f 631/999/643 636/1005/643 637/1006/643 632/1000/643
f 632/1000/644 637/1006/644 638/1007/644 633/1001/644
f 633/1001/645 638/1007/645 634/1002/645 629/996/645
f 634/1002/646 639/1008/646 640/1009/646 635/1003/646
f 635/1003/647 640/1009/647 641/1010/647 636/1004/647
f 636/1005/648 641/1011/648 642/1012/648 637/1006/648
f 637/1006/649 642/1012/649 643/1013/649 638/1007/649
f 638/1007/650 643/1013/650 639/1008/650 634/1002/650
f 639/1008/651 644/1014/651 645/1015/651 640/1009/651
f 640/1009/652 645/1015/652 646/1016/652 641/1010/652
f 641/1011/653 646/1017/653 647/1018/653 642/1012/653
f 642/1012/654 647/1018/654 648/1019/654 643/1013/654
f 643/1013/655 648/1019/655 644/1014/655 639/1008/655
f 644/1014/656 649/1020/656 650/1021/656 645/1015/656
f 645/1015/657 650/1021/657 651/1022/657 646/1016/657
f 646/1017/658 651/1023/658 652/1024/658 647/1018/658
f 647/1018/659 652/1024/659 653/1025/659 648/1019/659
f 648/1019/660 653/1025/660 649/1020/660 644/1014/660
f 649/1020/661 654/1026/661 655/1027/661 650/1021/661
f 650/1021/662 655/1027/662 656/1028/662 651/1022/662
f 651/1023/663 656/1029/663 657/1030/663 652/1024/663
f 652/1024/664 657/1030/664 658/1031/664 653/1025/664
f 653/1025/665 658/1031/665 654/1026/665 649/1020/665
f 654/1026/666 659/1032/666 660/1033/666 655/1027/666
f 655/1027/667 660/1033/667 661/1034/667 656/1028/667
f 656/1029/668 661/1035/668 662/1036/668 657/1030/668
f 657/1030/669 662/1036/669 663/1037/669 658/1031/669
f 658/1031/670 663/1037/670 659/1032/670 654/1026/670
f 659/1032/671 664/1038/671 665/1039/671 660/1033/671
f 660/1033/672 665/1039/672 666/1040/672 661/1034/672
f 661/1035/673 666/1041/673 667/1042/673 662/1036/673
f 662/1036/674 667/1042/674 668/1043/674 663/1037/674
f 663/1037/675 668/1043/675 664/1038/675 659/1032/675
f 664/1038/676 669/1044/676 670/1045/676 665/1039/676
f 665/1039/677 670/1045/677 671/1046/677 666/1040/677
f 666/1041/678 671/1047/678 672/1048/678 667/1042/678
f 667/1042/679 672/1048/679 673/1049/679 668/1043/679
f 668/1043/680 673/1049/680 669/1044/680 664/1038/680
f 669/1044/681 674/1050/681 675/1051/681 670/1045/681
f 670/1045/682 675/1051/682 676/1052/682 671/1046/682
f 671/1047/683 676/1053/683 677/1054/683 672/1048/683
f 672/1048/684 677/1054/684 678/1055/684 673/1049/684
f 673/1049/685 678/1055/685 674/1050/685 669/1044/685
f 674/1050/686 679/1056/686 680/1057/686 675/1051/686
f 675/1051/687 680/1057/687 681/1058/687 676/1052/687
f 676/1053/688 681/1059/688 682/1060/688 677/1054/688
f 677/1054/689 682/1060/689 683/1061/689 678/1055/689
f 678/1055/690 683/1061/690 679/1056/690 674/1050/690
f 679/1056/691 684/1062/691 685/1063/691 680/1057/691
f 680/1057/692 685/1063/692 686/1064/692 681/1058/692
f 681/1059/693 686/1065/693 687/1066/693 682/1060/693
f 682/1060/694 687/1066/694 688/1067/694 683/1061/694
f 683/1061/695 688/1067/695 684/1062/695 679/1056/695
f 684/1062/696 689/1068/696 690/1069/696 685/1063/696
f 685/1063/697 690/1069/697 691/1070/697 686/1064/697
f 686/1065/698 691/1071/698 692/1072/698 687/1066/698
f 687/1066/699 692/1072/699 693/1073/699 688/1067/699
f 688/1067/700 693/1073/700 689/1068/700 684/1062/700
f 689/1068/701 694/1074/701 695/1075/701 690/1069/701
f 690/1069/702 695/1075/702 696/1076/702 691/1070/702
f 691/1071/703 696/1077/703 697/1078/703 692/1072/703
f 692/1072/704 697/1078/704 698/1079/704 693/1073/704
f 693/1073/705 698/1079/705 694/1074/705 689/1068/705
f 694/1080/706 699/1081/706 700/1082/706 695/1083/706
f 695/1083/707 700/1082/707 701/1084/707 696/1085/707
f 696/1086/708 701/1087/708 702/1088/708 697/1089/708
f 697/1089/709 702/1088/709 703/1090/709 698/1091/709
f 698/1091/710 703/1090/710 699/1081/710 694/1080/710
f 699/1081/711 704/1092/711 705/1093/711 700/1082/711
f 700/1082/712 705/1093/712 706/1094/712 701/1084/712
f 701/1087/713 706/1095/713 707/1096/713 702/1088/713
f 702/1088/714 707/1096/714 708/1097/714 703/1090/714
f 703/1090/715 708/1097/715 704/1092/715 699/1081/715
f 704/1092/716 709/1098/716 710/1099/716 705/1093/716
f 705/1093/717 710/1099/717 711/1100/717 706/1094/717
f 706/1095/718 711/1101/718 712/1102/718 707/1096/718
f 707/1096/719 712/1102/719 713/1103/719 708/1097/719
f 708/1097/720 713/1103/720 709/1098/720 704/1092/720
f 709/1098/721 714/1104/721 715/1105/721 710/1099/721
f 710/1099/722 715/1105/722 716/1106/722 711/1100/722
f 711/1101/723 716/1107/723 717/1108/723 712/1102/723
f 712/1102/724 717/1108/724 718/1109/724 713/1103/724
f 713/1103/725 718/1109/725 714/1104/725 709/1098/725
f 714/1104/726 719/1110/726 720/1111/726 715/1105/726
f 715/1105/727 720/1111/727 721/1112/727 716/1106/727
f 716/1107/728 721/1113/728 722/1114/728 717/1108/728
f 717/1108/729 722/1114/729 723/1115/729 718/1109/729
f 718/1109/730 723/1115/730 719/1110/730 714/1104/730
f 719/1110/731 724/1116/731 725/1117/731 720/1111/731
f 720/1111/732 725/1117/732 726/1118/732 721/1112/732
f 721/1113/733 726/1119/733 727/1120/733 722/1114/733
f 722/1114/734 727/1120/734 728/1121/734 723/1115/734
f 723/1115/735 728/1121/735 724/1116/735 719/1110/735
f 724/1116/736 729/1122/736 730/1123/736 725/1117/736
f 725/1117/737 730/1123/737 731/1124/737 726/1118/737
f 726/1119/738 731/1125/738 732/1126/738 727/1120/738
f 727/1120/739 732/1126/739 733/1127/739 728/1121/739
f 728/1121/740 733/1127/740 729/1122/740 724/1116/740
f 729/1122/741 734/1128/741 735/1129/741 730/1123/741
f 730/1123/742 735/1129/742 736/1130/742 731/1124/742
f 731/1125/743 736/1131/743 737/1132/743 732/1126/743
f 732/1126/744 737/1132/744 738/1133/744 733/1127/744
f 733/1127/745 738/1133/745 734/1128/745 729/1122/745
f 734/1128/746 739/1134/746 740/1135/746 735/1129/746
f 735/1129/747 740/1135/747 741/1136/747 736/1130/747
f 736/1131/748 741/1137/748 742/1138/748 737/1132/748
f 737/1132/749 742/1138/749 743/1139/749 738/1133/749
f 738/1133/750 743/1139/750 739/1134/750 734/1128/750
f 739/1134/751 744/1140/751 745/1141/751 740/1135/751
f 740/1135/752 745/1141/752 746/1142/752 741/1136/752
f 741/1137/753 746/1143/753 747/1144/753 742/1138/753
f 742/1138/754 747/1144/754 748/1145/754 743/1139/754
f 743/1139/755 748/1145/755 744/1140/755 739/1134/755
f 744/1140/756 749/1146/756 750/1147/756 745/1141/756
f 745/1141/757 750/1147/757 751/1148/757 746/1142/757
f 746/1143/758 751/1149/758 752/1150/758 747/1144/758
f 747/1144/759 752/1150/759 753/1151/759 748/1145/759
f 748/1145/760 753/1151/760 749/1146/760 744/1140/760
f 749/1146/761 754/1152/761 755/1153/761 750/1147/761
f 750/1147/762 755/1153/762 756/1154/762 751/1148/762
f 751/1149/763 756/1155/763 757/1156/763 752/1150/763
f 752/1150/764 757/1156/764 758/1157/764 753/1151/764
f 753/1151/765 758/1157/765 754/1152/765 749/1146/765
f 754/1152/766 759/1158/766 760/1159/766 755/1153/766
f 755/1153/767 760/1159/767 761/1160/767 756/1154/767
f 756/1155/768 761/1161/768 762/1162/768 757/1156/768
f 757/1156/769 762/1162/769 763/1163/769 758/1157/769
f 758/1157/770 763/1163/770 759/1158/770 754/1152/770
f 759/1158/771 764/1164/771 765/1165/771 760/1159/771
f 760/1159/772 765/1165/772 766/1166/772 761/1160/772
f 761/1161/773 766/1167/773 767/1168/773 762/1162/773
f 762/1162/774 767/1168/774 768/1169/774 763/1163/774
f 763/1163/775 768/1169/775 764/1164/775 759/1158/775
f 764/1164/776 769/1170/776 770/1171/776 765/1165/776
f 765/1165/777 770/1171/777 771/1172/777 766/1166/777
f 766/1167/778 771/1173/778 772/1174/778 767/1168/778
f 767/1168/779 772/1174/779 773/1175/779 768/1169/779
f 768/1169/780 773/1175/780 769/1170/780 764/1164/780
f 769/1170/781 774/1176/781 775/1177/781 770/1171/781
f 770/1171/782 775/1177/782 776/1178/782 771/1172/782
f 771/1173/783 776/1179/783 777/1180/783 772/1174/783
f 772/1174/784 777/1180/784 778/1181/784 773/1175/784
f 773/1175/785 778/1181/785 774/1176/785 769/1170/785
f 774/1176/786 609/972/786 610/975/786 775/1177/786
f 775/1177/787 610/975/787 611/977/787 776/1178/787
f 776/1179/788 611/978/788 612/981/788 777/1180/788
f 777/1180/789 612/981/789 613/983/789 778/1181/789
f 778/1181/790 613/983/790 609/972/790 774/1176/790
g Ring_2_Torus.005
v 0.740948 0.580000 -0.269683
v 0.738111 0.581956 -0.260303
v 0.728156 0.581209 -0.259868
v 0.724840 0.578791 -0.268979
v 0.732746 0.578044 -0.275045
v 0.716343 0.720583 -0.298028
v 0.713690 0.721491 -0.288438
v 0.704032 0.719050 -0.287661
v 0.700716 0.716633 -0.296772
v 0.708325 0.717580 -0.303179
v 0.667345 0.856378 -0.316225
v 0.665057 0.856275 -0.306499
v 0.655989 0.852197 -0.305503
v 0.652673 0.849780 -0.314614
v 0.659691 0.852364 -0.321240
v 0.595621 0.982762 -0.323653
v 0.593867 0.981717 -0.313871
v 0.585663 0.976116 -0.312786
v 0.582347 0.973699 -0.321897
v 0.588501 0.977806 -0.328613
v 0.503614 1.095430 -0.320059
v 0.502545 1.093546 -0.310304
v 0.495451 1.086587 -0.309262
v 0.492135 1.084170 -0.318373
v 0.497179 1.089635 -0.325046
v 0.394456 1.190545 -0.305566
v 0.394201 1.187953 -0.295919
v 0.388422 1.179848 -0.295052
v 0.385106 1.177430 -0.304163
v 0.388835 1.184042 -0.310661
v 0.271866 1.264870 -0.280667
v 0.272524 1.261724 -0.271206
v 0.268223 1.252723 -0.270639
v 0.264907 1.250305 -0.279749
v 0.267159 1.257813 -0.285948
v 0.140018 1.315872 -0.246211
v 0.141658 1.312346 -0.237006
v 0.138946 1.302730 -0.236854
v 0.135630 1.300313 -0.245965
v 0.136293 1.308435 -0.251748
v 0.003402 1.341815 -0.203370
v 0.006059 1.338096 -0.194484
v 0.004994 1.328167 -0.194849
v 0.001678 1.325750 -0.203959
v 0.000694 1.334184 -0.209226
v -0.133330 1.341815 -0.153604
v -0.129654 1.338096 -0.145089
v -0.129072 1.328167 -0.146053
v -0.132388 1.325750 -0.155164
v -0.135019 1.334184 -0.159830
v -0.265521 1.315872 -0.098606
v -0.260861 1.312346 -0.090501
v -0.258685 1.302730 -0.092128
v -0.262001 1.300313 -0.101239
v -0.266226 1.308435 -0.105243
v -0.388671 1.264870 -0.040251
v -0.383093 1.261724 -0.032581
v -0.379434 1.252723 -0.034911
v -0.382750 1.250305 -0.044022
v -0.388459 1.257813 -0.047322
v -0.498585 1.190546 0.019474
v -0.492189 1.187953 0.026700
v -0.487204 1.179848 0.023650
v -0.490520 1.177431 0.014539
v -0.497554 1.184042 0.011959
v -0.591520 1.095430 0.078537
v -0.584431 1.093546 0.085323
v -0.578327 1.086587 0.081561
v -0.581643 1.084170 0.072450
v -0.589797 1.089635 0.070581
v -0.664312 0.982762 0.134925
v -0.656681 0.981717 0.141291
v -0.649699 0.976116 0.136849
v -0.653015 0.973699 0.127739
v -0.662046 0.977806 0.126549
v -0.714481 0.856378 0.186719
v -0.706477 0.856275 0.192699
v -0.698890 0.852197 0.187633
v -0.702206 0.849780 0.178522
v -0.711842 0.852364 0.177957
v -0.740320 0.720583 0.232154
v -0.732123 0.721491 0.237795
v -0.724225 0.719050 0.232182
v -0.727541 0.716633 0.223071
v -0.737488 0.717580 0.223054
v -0.740948 0.580000 0.269683
v -0.732746 0.581956 0.275045
v -0.724840 0.581209 0.268979
v -0.728156 0.578791 0.259868
v -0.738111 0.578044 0.260303
v -0.716343 0.439417 0.298028
v -0.708325 0.442420 0.303179
v -0.700716 0.443367 0.296772
v -0.704032 0.440950 0.287661
v -0.713690 0.438509 0.288438
v -0.667345 0.303622 0.316225
v -0.659691 0.307636 0.321240
v -0.652673 0.310220 0.314613
v -0.655989 0.307803 0.305503
v -0.665057 0.303725 0.306499
v -0.595621 0.177238 0.323653
v -0.588502 0.182194 0.328613
v -0.582348 0.186301 0.321897
v -0.585664 0.183884 0.312786
v -0.593867 0.178283 0.313871
v -0.503614 0.064570 0.320059
v -0.497180 0.070365 0.325046
v -0.492135 0.075830 0.318373
v -0.495451 0.073413 0.309262
v -0.502545 0.066454 0.310304
v -0.394457 -0.030545 0.305566
v -0.388836 -0.024042 0.310661
v -0.385106 -0.017430 0.304163
v -0.388422 -0.019848 0.295052
v -0.394201 -0.027953 0.295919
v -0.271866 -0.104870 0.280667
v -0.267159 -0.097813 0.285947
v -0.264907 -0.090306 0.279749
v -0.268223 -0.092723 0.270639
v -0.272524 -0.101724 0.271206
v -0.140019 -0.155872 0.246211
v -0.136293 -0.148435 0.251748
v -0.135630 -0.140313 0.245965
v -0.138946 -0.142730 0.236854
v -0.141658 -0.152346 0.237006
v -0.003402 -0.181814 0.203370
v -0.000694 -0.174184 0.209226
v -0.001678 -0.165750 0.203959
v -0.004994 -0.168167 0.194849
v -0.006059 -0.178096 0.194484
v 0.133330 -0.181814 0.153604
v 0.135019 -0.174184 0.159830
v 0.132388 -0.165750 0.155164
v 0.129072 -0.168167 0.146053
v 0.129654 -0.178096 0.145089
v 0.265521 -0.155872 0.098607
v 0.266226 -0.148435 0.105243
v 0.262001 -0.140313 0.101239
v 0.258685 -0.142730 0.092128
v 0.260861 -0.152346 0.090501
v 0.388671 -0.104870 0.040251
v 0.388459 -0.097813 0.047322
v 0.382750 -0.090305 0.044022
v 0.379434 -0.092723 0.034911
v 0.383093 -0.101724 0.032581
v 0.498585 -0.030546 -0.019474
v 0.497554 -0.024042 -0.011959
v 0.490520 -0.017431 -0.014539
v 0.487204 -0.019848 -0.023650
v 0.492188 -0.027954 -0.026700
v 0.591520 0.064570 -0.078537
v 0.589797 0.070365 -0.070581
v 0.581643 0.075830 -0.072450
v 0.578327 0.073413 -0.081561
v 0.584431 0.066453 -0.085323
v 0.664312 0.177238 -0.134925
v 0.662046 0.182194 -0.126549
v 0.653015 0.186301 -0.127739
v 0.649699 0.183884 -0.136849
v 0.656681 0.178283 -0.141291
v 0.714481 0.303622 -0.186719
v 0.711842 0.307636 -0.177957
v 0.702206 0.310220 -0.178522
v 0.698890 0.307803 -0.187633
v 0.706476 0.303725 -0.192699
v 0.740320 0.439417 -0.232154
v 0.737488 0.442420 -0.223054
v 0.727541 0.443368 -0.223071
v 0.724225 0.440950 -0.232182
v 0.732123 0.438509 -0.237795
vn 0.9464 0.2143 0.2415
vn 0.0276 0.2022 0.9790
vn -0.9280 -0.0895 0.3615
vn -0.6034 -0.2578 -0.7546
vn 0.5574 -0.0693 -0.8273
vn 0.9085 0.3569 0.2175
vn 0.0421 0.1476 0.9881
vn -0.8812 -0.2655 0.3912
vn -0.5888 -0.3124 -0.7455
vn 0.5194 0.0733 -0.8514
vn 0.8462 0.4922 0.2043
vn 0.0660 0.0958 0.9932
vn -0.8043 -0.4325 0.4075
vn -0.5650 -0.3642 -0.7404
vn 0.4571 0.2086 -0.8646
vn 0.7617 0.6156 0.2023
vn 0.0983 0.0486 0.9940
vn -0.7000 -0.5847 0.4099
vn -0.5326 -0.4114 -0.7396
vn 0.3727 0.3320 -0.8666
vn 0.6579 0.7228 0.2116
vn 0.1381 0.0075 0.9904
vn -0.5719 -0.7171 0.3984
vn -0.4929 -0.4524 -0.7432
vn 0.2689 0.4392 -0.8572
vn 0.5383 0.8102 0.2319
vn 0.1839 -0.0259 0.9826
vn -0.4243 -0.8250 0.3733
vn -0.4471 -0.4859 -0.7510
vn 0.1493 0.5266 -0.8369
vn 0.4070 0.8749 0.2626
vn 0.2341 -0.0507 0.9709
vn -0.2623 -0.9048 0.3355
vn -0.3969 -0.5107 -0.7627
vn 0.0180 0.5913 -0.8063
vn 0.2685 0.9146 0.3025
vn 0.2872 -0.0659 0.9556
vn -0.0913 -0.9538 0.2863
vn -0.3438 -0.5259 -0.7780
vn -0.1205 0.6310 -0.7664
vn 0.1275 0.9279 0.3502
vn 0.3412 -0.0710 0.9373
vn 0.0827 -0.9703 0.2273
vn -0.2898 -0.5310 -0.7963
vn -0.2616 0.6443 -0.7186
vn -0.0113 0.9146 0.4043
vn 0.3943 -0.0659 0.9166
vn 0.2540 -0.9538 0.1606
vn -0.2367 -0.5259 -0.8170
vn -0.4003 0.6310 -0.6646
vn -0.1430 0.8749 0.4628
vn 0.4447 -0.0507 0.8942
vn 0.4166 -0.9048 0.0884
vn -0.1863 -0.5107 -0.8394
vn -0.5321 0.5913 -0.6061
vn -0.2633 0.8102 0.5237
vn 0.4908 -0.0259 0.8709
vn 0.5650 -0.8250 0.0132
vn -0.1402 -0.4859 -0.8627
vn -0.6523 0.5266 -0.5451
vn -0.3679 0.7228 0.5850
vn 0.5308 0.0075 0.8474
vn 0.6942 -0.7171 -0.0624
vn -0.1001 -0.4524 -0.8862
vn -0.7570 0.4392 -0.4839
vn -0.4535 0.6156 0.6446
vn 0.5636 0.0486 0.8246
vn 0.7998 -0.5847 -0.1359
vn -0.0674 -0.4114 -0.9090
vn -0.8425 0.3320 -0.4243
vn -0.5169 0.4922 0.7004
vn 0.5879 0.0958 0.8033
vn 0.8781 -0.4325 -0.2048
vn -0.0431 -0.3642 -0.9303
vn -0.9059 0.2086 -0.3685
vn -0.5561 0.3569 0.7506
vn 0.6029 0.1476 0.7840
vn 0.9265 -0.2655 -0.2668
vn -0.0281 -0.3124 -0.9495
vn -0.9451 0.0733 -0.3183
vn -0.5698 0.2143 0.7934
vn 0.6081 0.2022 0.7677
vn 0.9433 -0.0895 -0.3196
vn -0.0229 -0.2578 -0.9659
vn -0.9588 -0.0693 -0.2755
vn -0.5574 0.0693 0.8273
vn 0.6034 0.2578 0.7546
vn 0.9280 0.0895 -0.3615
vn -0.0276 -0.2022 -0.9790
vn -0.9464 -0.2143 -0.2415
vn -0.5194 -0.0733 0.8514
vn 0.5888 0.3124 0.7455
vn 0.8812 0.2655 -0.3912
vn -0.0421 -0.1476 -0.9881
vn -0.9085 -0.3569 -0.2175
vn -0.4571 -0.2086 0.8646
vn 0.5650 0.3642 0.7404
vn 0.8043 0.4325 -0.4075
vn -0.0660 -0.0958 -0.9932
vn -0.8462 -0.4922 -0.2043
vn -0.3727 -0.3320 0.8666
vn 0.5326 0.4114 0.7396
vn 0.7000 0.5847 -0.4099
vn -0.0983 -0.0486 -0.9940
vn -0.7617 -0.6156 -0.2023
vn -0.2689 -0.4392 0.8572
vn 0.4929 0.4524 0.7432
vn 0.5719 0.7171 -0.3984
vn -0.1381 -0.0075 -0.9904
vn -0.6579 -0.7228 -0.2116
vn -0.1493 -0.5266 0.8369
vn 0.4471 0.4859 0.7510
vn 0.4243 0.8250 -0.3733
vn -0.1839 0.0259 -0.9826
vn -0.5383 -0.8102 -0.2320
vn -0.0180 -0.5913 0.8063
vn 0.3969 0.5107 0.7627
vn 0.2623 0.9048 -0.3355
vn -0.2341 0.0507 -0.9709
vn -0.4070 -0.8749 -0.2626
vn 0.1205 -0.6310 0.7664
vn 0.3438 0.5259 0.7780
vn 0.0913 0.9538 -0.2863
vn -0.2872 0.0659 -0.9556
vn -0.2685 -0.9146 -0.3025
vn 0.2616 -0.6443 0.7186
vn 0.2898 0.5310 0.7963
vn -0.0827 0.9703 -0.2273
vn -0.3412 0.0710 -0.9373
vn -0.1275 -0.9279 -0.3502
vn 0.4003 -0.6310 0.6646
vn 0.2367 0.5259 0.8170
vn -0.2540 0.9538 -0.1606
vn -0.3943 0.0659 -0.9166
vn 0.0113 -0.9146 -0.4043
vn 0.5321 -0.5913 0.6061
vn 0.1863 0.5107 0.8394
vn -0.4166 0.9048 -0.0884
vn -0.4447 0.0507 -0.8942
vn 0.1430 -0.8749 -0.4628
vn 0.6523 -0.5266 0.5451
vn 0.1402 0.4859 0.8627
vn -0.5650 0.8250 -0.0132
vn -0.4908 0.0259 -0.8709
vn 0.2633 -0.8102 -0.5237
vn 0.7570 -0.4392 0.4839
vn 0.1001 0.4524 0.8862
vn -0.6942 0.7171 0.0624
vn -0.5308 -0.0075 -0.8474
vn 0.3679 -0.7228 -0.5850
vn 0.8425 -0.3320 0.4243
vn 0.0674 0.4114 0.9090
vn -0.7998 0.5847 0.1359
vn -0.5636 -0.0486 -0.8246
vn 0.4535 -0.6156 -0.6446
vn 0.9059 -0.2086 0.3685
vn 0.0431 0.3642 0.9303
vn -0.8781 0.4325 0.2048
vn -0.5879 -0.0958 -0.8033
vn 0.5169 -0.4922 -0.7004
vn 0.9451 -0.0733 0.3183
vn 0.0281 0.3124 0.9495
vn -0.9265 0.2655 0.2668
vn -0.6029 -0.1476 -0.7840
vn 0.5561 -0.3569 -0.7506
vn 0.9588 0.0693 0.2755
vn 0.0229 0.2578 0.9659
vn -0.9433 0.0895 0.3196
vn -0.6081 -0.2022 -0.7677
vn 0.5698 -0.2143 -0.7934
vt 0.500000 0.600000
vt 0.529412 0.600000
vt 0.529412 0.800000
vt 0.500000 0.800000
vt 0.529412 1.000000
vt 0.500000 1.000000
vt 0.500000 0.000000
vt 0.529412 0.000000
vt 0.529412 0.200000
vt 0.500000 0.200000
vt 0.529412 0.400000
vt 0.500000 0.400000
vt 0.558824 0.600000
vt 0.558824 0.800000
vt 0.558824 1.000000
vt 0.558824 0.000000
vt 0.558824 0.200000
vt 0.558824 0.400000
vt 0.588235 0.600000
vt 0.588235 0.800000
vt 0.588235 1.000000
vt 0.588235 0.000000
vt 0.588235 0.200000
vt 0.588235 0.400000
vt 0.617647 0.600000
vt 0.617647 0.800000
vt 0.617647 1.000000
vt 0.617647 0.000000
vt 0.617647 0.200000
vt 0.617647 0.400000
vt 0.647059 0.600000
vt 0.647059 0.800000
vt 0.647059 1.000000
vt 0.647059 0.000000
vt 0.647059 0.200000
vt 0.647059 0.400000
vt 0.676471 0.600000
vt 0.676471 0.800000
vt 0.676471 1.000000
vt 0.676471 0.000000
vt 0.676471 0.200000
vt 0.676471 0.400000
vt 0.705882 0.600000
vt 0.705882 0.800000
vt 0.705882 1.000000
vt 0.705882 0.000000
vt 0.705882 0.200000
vt 0.705882 0.400000
vt 0.735294 0.600000
vt 0.735294 0.800000
vt 0.735294 1.000000
vt 0.735294 0.000000
vt 0.735294 0.200000
vt 0.735294 0.400000
vt 0.764706 0.600000
vt 0.764706 0.800000
vt 0.764706 1.000000
vt 0.764706 0.000000
vt 0.764706 0.200000
vt 0.764706 0.400000
vt 0.794118 0.600000
vt 0.794118 0.800000
vt 0.794118 1.000000
vt 0.794118 0.000000
vt 0.794118 0.200000
vt 0.794118 0.400000
vt 0.823529 0.600000
vt 0.823529 0.800000
vt 0.823529 1.000000
vt 0.823529 0.000000
vt 0.823529 0.200000
vt 0.823529 0.400000
vt 0.852941 0.600000
vt 0.852941 0.800000
vt 0.852941 1.000000
vt 0.852941 0.000000
vt 0.852941 0.200000
vt 0.852941 0.400000
vt 0.882353 0.600000
vt 0.882353 0.800000
vt 0.882353 1.000000
vt 0.882353 0.000000
vt 0.882353 0.200000
vt 0.882353 0.400000
vt 0.911765 0.600000
vt 0.911765 0.800000
vt 0.911765 1.000000
vt 0.911765 0.000000
vt 0.911765 0.200000
vt 0.911765 0.400000
vt 0.941176 0.600000
vt 0.941176 0.800000
vt 0.941176 1.000000
vt 0.941176 0.000000
vt 0.941176 0.200000
vt 0.941176 0.400000
vt 0.970588 0.600000
vt 0.970588 0.800000
vt 0.970588 1.000000
vt 0.970588 0.000000
vt 0.970588 0.200000
vt 0.970588 0.400000
vt 1.000000 0.600000
vt 1.000000 0.800000
vt 1.000000 1.000000
vt 1.000000 0.000000
vt 1.000000 0.200000
vt 1.000000 0.400000
vt 0.000000 0.600000
vt 0.029412 0.600000
vt 0.029412 0.800000
vt 0.000000 0.800000
vt 0.029412 1.000000
vt 0.000000 1.000000
vt 0.000000 0.000000
vt 0.029412 0.000000
vt 0.029412 0.200000
vt 0.000000 0.200000
vt 0.029412 0.400000
vt 0.000000 0.400000
vt 0.058824 0.600000
vt 0.058824 0.800000
vt 0.058824 1.000000
vt 0.058824 0.000000
vt 0.058824 0.200000
vt 0.058824 0.400000
vt 0.088235 0.600000
vt 0.088235 0.800000
vt 0.088235 1.000000
vt 0.088235 0.000000
vt 0.088235 0.200000
vt 0.088235 0.400000
vt 0.117647 0.600000
vt 0.117647 0.800000
vt 0.117647 1.000000
vt 0.117647 0.000000
vt 0.117647 0.200000
vt 0.117647 0.400000
vt 0.147059 0.600000
vt 0.147059 0.800000
vt 0.147059 1.000000
vt 0.147059 0.000000
vt 0.147059 0.200000
vt 0.147059 0.400000
vt 0.176471 0.600000
vt 0.176471 0.800000
vt 0.176471 1.000000
vt 0.176471 0.000000
vt 0.176471 0.200000
vt 0.176471 0.400000
vt 0.205882 0.600000
vt 0.205882 0.800000
vt 0.205882 1.000000
vt 0.205882 0.000000
vt 0.205882 0.200000
vt 0.205882 0.400000
vt 0.235294 0.600000
vt 0.235294 0.800000
vt 0.235294 1.000000
vt 0.235294 0.000000
vt 0.235294 0.200000
vt 0.235294 0.400000
vt 0.264706 0.600000
vt 0.264706 0.800000
vt 0.264706 1.000000
vt 0.264706 0.000000
vt 0.264706 0.200000
vt 0.264706 0.400000
vt 0.294118 0.600000
vt 0.294118 0.800000
vt 0.294118 1.000000
vt 0.294118 0.000000
vt 0.294118 0.200000
vt 0.294118 0.400000
vt 0.323529 0.600000
vt 0.323529 0.800000
vt 0.323529 1.000000
vt 0.323529 0.000000
vt 0.323529 0.200000
vt 0.323529 0.400000
vt 0.352941 0.600000
vt 0.352941 0.800000
vt 0.352941 1.000000
vt 0.352941 0.000000
vt 0.352941 0.200000
vt 0.352941 0.400000
vt 0.382353 0.600000
vt 0.382353 0.800000
vt 0.382353 1.000000
vt 0.382353 0.000000
vt 0.382353 0.200000
vt 0.382353 0.400000
vt 0.411765 0.600000
vt 0.411765 0.800000
vt 0.411765 1.000000
vt 0.411765 0.000000
vt 0.411765 0.200000
vt 0.411765 0.400000
vt 0.441176 0.600000
vt 0.441176 0.800000
vt 0.441176 1.000000
vt 0.441176 0.000000
vt 0.441176 0.200000
vt 0.441176 0.400000
vt 0.470588 0.600000
vt 0.470588 0.800000
vt 0.470588 1.000000
vt 0.470588 0.000000
vt 0.470588 0.200000
vt 0.470588 0.400000
s 0
g Ring_2_glow
usemtl glow
f 779/1182/791 784/1183/791 785/1184/791 780/1185/791
f 780/1185/792 785/1184/792 786/1186/792 781/1187/792
f 781/1188/793 786/1189/793 787/1190/793 782/1191/793
f 782/1191/794 787/1190/794 788/1192/794 783/1193/794
f 783/1193/795 788/1192/795 784/1183/795 779/1182/795
f 784/1183/796 789/1194/796 790/1195/796 785/1184/796
f 785/1184/797 790/1195/797 791/1196/797 786/1186/797
f 786/1189/798 791/1197/798 792/1198/798 787/1190/798
f 787/1190/799 792/1198/799 793/1199/799 788/1192/799
f 788/1192/800 793/1199/800 789/1194/800 784/1183/800
f 789/1194/801 794/1200/801 795/1201/801 790/1195/801
f 790/1195/802 795/1201/802 796/1202/802 791/1196/802
f 791/1197/803 796/1203/803 797/1204/803 792/1198/803
f 792/1198/804 797/1204/804 798/1205/804 793/1199/804
f 793/1199/805 798/1205/805 794/1200/805 789/1194/805
f 794/1200/806 799/1206/806 800/1207/806 795/1201/806
f 795/1201/807 800/1207/807 801/1208/807 796/1202/807
f 796/1203/808 801/1209/808 802/1210/808 797/1204/808
f 797/1204/809 802/1210/809 803/1211/809 798/1205/809
f 798/1205/810 803/1211/810 799/1206/810 794/1200/810
f 799/1206/811 804/1212/811 805/1213/811 800/1207/811
f 800/1207/812 805/1213/812 806/1214/812 801/1208/812
f 801/1209/813 806/1215/813 807/1216/813 802/1210/813
f 802/1210/814 807/1216/814 808/1217/814 803/1211/814
f 803/1211/815 808/1217/815 804/1212/815 799/1206/815
f 804/1212/816 809/1218/816 810/1219/816 805/1213/816
f 805/1213/817 810/1219/817 811/1220/817 806/1214/817
f 806/1215/818 811/1221/818 812/1222/818 807/1216/818
f 807/1216/819 812/1222/819 813/1223/819 808/1217/819
f 808/1217/820 813/1223/820 809/1218/820 804/1212/820
f 809/1218/821 814/1224/821 815/1225/821 810/1219/821
f 810/1219/822 815/1225/822 816/1226/822 811/1220/822
f 811/1221/823 816/1227/823 817/1228/823 812/1222/823
f 812/1222/824 817/1228/824 818/1229/824 813/1223/824
f 813/1223/825 818/1229/825 814/1224/825 809/1218/825
f 814/1224/826 819/1230/826 820/1231/826 815/1225/826
f 815/1225/827 820/1231/827 821/1232/827 816/1226/827
f 816/1227/828 821/1233/828 822/1234/828 817/1228/828
f 817/1228/829 822/1234/829 823/1235/829 818/1229/829
f 818/1229/830 823/1235/830 819/1230/830 814/1224/830
f 819/1230/831 824/1236/831 825/1237/831 820/1231/831
f 820/1231/832 825/1237/832 826/1238/832 821/1232/832
f 821/1233/833 826/1239/833 827/1240/833 822/1234/833
f 822/1234/834 827/1240/834 828/1241/834 823/1235/834
f 823/1235/835 828/1241/835 824/1236/835 819/1230/835
f 824/1236/836 829/1242/836 830/1243/836 825/1237/836
f 825/1237/837 830/1243/837 831/1244/837 826/1238/837
f 826/1239/838 831/1245/838 832/1246/838 827/1240/838
f 827/1240/839 832/1246/839 833/1247/839 828/1241/839
f 828/1241/840 833/1247/840 829/1242/840 824/1236/840
f 829/1242/841 834/1248/841 835/1249/841 830/1243/841
f 830/1243/842 835/1249/842 836/1250/842 831/1244/842
f 831/1245/843 836/1251/843 837/1252/843 832/1246/843
f 832/1246/844 837/1252/844 838/1253/844 833/1247/844
f 833/1247/845 838/1253/845 834/1248/845 829/1242/845
f 834/1248/846 839/1254/846 840/1255/846 835/1249/846
f 835/1249/847 840/1255/847 841/1256/847 836/1250/847
f 836/1251/848 841/1257/848 842/1258/848 837/1252/848
f 837/1252/849 842/1258/849 843/1259/849 838/1253/849
f 838/1253/850 843/1259/850 839/1254/850 834/1248/850
f 839/1254/851 844/1260/851 845/1261/851 840/1255/851
f 840/1255/852 845/1261/852 846/1262/852 841/1256/852
f 841/1257/853 846/1263/853 847/1264/853 842/1258/853
f 842/1258/854 847/1264/854 848/1265/854 843/1259/854
f 843/1259/855 848/1265/855 844/1260/855 839/1254/855
f 844/1260/856 849/1266/856 850/1267/856 845/1261/856
f 845/1261/857 850/1267/857 851/1268/857 846/1262/857
f 846/1263/858 851/1269/858 852/1270/858 847/1264/858
f 847/1264/859 852/1270/859 853/1271/859 848/1265/859
f 848/1265/860 853/1271/860 849/1266/860 844/1260/860
f 849/1266/861 854/1272/861 855/1273/861 850/1267/861
f 850/1267/862 855/1273/862 856/1274/862 851/1268/862
f 851/1269/863 856/1275/863 857/1276/863 852/1270/863
f 852/1270/864 857/1276/864 858/1277/864 853/1271/864
f 853/1271/865 858/1277/865 854/1272/865 849/1266/865
f 854/1272/866 859/1278/866 860/1279/866 855/1273/866
f 855/1273/867 860/1279/867 861/1280/867 856/1274/867
f 856/1275/868 861/1281/868 862/1282/868 857/1276/868
f 857/1276/869 862/1282/869 863/1283/869 858/1277/869
f 858/1277/870 863/1283/870 859/1278/870 854/1272/870
f 859/1278/871 864/1284/871 865/1285/871 860/1279/871
f 860/1279/872 865/1285/872 866/1286/872 861/1280/872
f 861/1281/873 866/1287/873 867/1288/873 862/1282/873
f 862/1282/874 867/1288/874 868/1289/874 863/1283/874
f 863/1283/875 868/1289/875 864/1284/875 859/1278/875
f 864/1290/876 869/1291/876 870/1292/876 865/1293/876
f 865/1293/877 870/1292/877 871/1294/877 866/1295/877
f 866/1296/878 871/1297/878 872/1298/878 867/1299/878
f 867/1299/879 872/1298/879 873/1300/879 868/1301/879
f 868/1301/880 873/1300/880 869/1291/880 864/1290/880
f 869/1291/881 874/1302/881 875/1303/881 870/1292/881
f 870/1292/882 875/1303/882 876/1304/882 871/1294/882
f 871/1297/883 876/1305/883 877/1306/883 872/1298/883
f 872/1298/884 877/1306/884 878/1307/884 873/1300/884
f 873/1300/885 878/1307/885 874/1302/885 869/1291/885
f 874/1302/886 879/1308/886 880/1309/886 875/1303/886
f 875/1303/887 880/1309/887 881/1310/887 876/1304/887
f 876/1305/888 881/1311/888 882/1312/888 877/1306/888
f 877/1306/889 882/1312/889 883/1313/889 878/1307/889
f 878/1307/890 883/1313/890 879/1308/890 874/1302/890
f 879/1308/891 884/1314/891 885/1315/891 880/1309/891
f 880/1309/892 885/1315/892 886/1316/892 881/1310/892
f 881/1311/893 886/1317/893 887/1318/893 882/1312/893
f 882/1312/894 887/1318/894 888/1319/894 883/1313/894
f 883/1313/895 888/1319/895 884/1314/895 879/1308/895
f 884/1314/896 889/1320/896 890/1321/896 885/1315/896
f 885/1315/897 890/1321/897 891/1322/897 886/1316/897
f 886/1317/898 891/1323/898 892/1324/898 887/1318/898
f 887/1318/899 892/1324/899 893/1325/899 888/1319/899
f 888/1319/900 893/1325/900 889/1320/900 884/1314/900
f 889/1320/901 894/1326/901 895/1327/901 890/1321/901
f 890/1321/902 895/1327/902 896/1328/902 891/1322/902
f 891/1323/903 896/1329/903 897/1330/903 892/1324/903
f 892/1324/904 897/1330/904 898/1331/904 893/1325/904
f 893/1325/905 898/1331/905 894/1326/905 889/1320/905
f 894/1326/906 899/1332/906 900/1333/906 895/1327/906
f 895/1327/907 900/1333/907 901/1334/907 896/1328/907
f 896/1329/908 901/1335/908 902/1336/908 897/1330/908
f 897/1330/909 902/1336/909 903/1337/909 898/1331/909
f 898/1331/910 903/1337/910 899/1332/910 894/1326/910
f 899/1332/911 904/1338/911 905/1339/911 900/1333/911
f 900/1333/912 905/1339/912 906/1340/912 901/1334/912
f 901/1335/913 906/1341/913 907/1342/913 902/1336/913
f 902/1336/914 907/1342/914 908/1343/914 903/1337/914
f 903/1337/915 908/1343/915 904/1338/915 899/1332/915
f 904/1338/916 909/1344/916 910/1345/916 905/1339/916
f 905/1339/917 910/1345/917 911/1346/917 906/1340/917
f 906/1341/918 911/1347/918 912/1348/918 907/1342/918
f 907/1342/919 912/1348/919 913/1349/919 908/1343/919
f 908/1343/920 913/1349/920 909/1344/920 904/1338/920
f 909/1344/921 914/1350/921 915/1351/921 910/1345/921
f 910/1345/922 915/1351/922 916/1352/922 911/1346/922
f 911/1347/923 916/1353/923 917/1354/923 912/1348/923
f 912/1348/924 917/1354/924 918/1355/924 913/1349/924
f 913/1349/925 918/1355/925 914/1350/925 909/1344/925
f 914/1350/926 919/1356/926 920/1357/926 915/1351/926
f 915/1351/927 920/1357/927 921/1358/927 916/1352/927
f 916/1353/928 921/1359/928 922/1360/928 917/1354/928
f 917/1354/929 922/1360/929 923/1361/929 918/1355/929
f 918/1355/930 923/1361/930 919/1356/930 914/1350/930
f 919/1356/931 924/1362/931 925/1363/931 920/1357/931
f 920/1357/932 925/1363/932 926/1364/932 921/1358/932
f 921/1359/933 926/1365/933 927/1366/933 922/1360/933
f 922/1360/934 927/1366/934 928/1367/934 923/1361/934
f 923/1361/935 928/1367/935 924/1362/935 919/1356/935
f 924/1362/936 929/1368/936 930/1369/936 925/1363/936
f 925/1363/937 930/1369/937 931/1370/937 926/1364/937
f 926/1365/938 931/1371/938 932/1372/938 927/1366/938
f 927/1366/939 932/1372/939 933/1373/939 928/1367/939
f 928/1367/940 933/1373/940 929/1368/940 924/1362/940
f 929/1368/941 934/1374/941 935/1375/941 930/1369/941
f 930/1369/942 935/1375/942 936/1376/942 931/1370/942
f 931/1371/943 936/1377/943 937/1378/943 932/1372/943
f 932/1372/944 937/1378/944 938/1379/944 933/1373/944
f 933/1373/945 938/1379/945 934/1374/945 929/1368/945
f 934/1374/946 939/1380/946 940/1381/946 935/1375/946
f 935/1375/947 940/1381/947 941/1382/947 936/1376/947
f 936/1377/948 941/1383/948 942/1384/948 937/1378/948
f 937/1378/949 942/1384/949 943/1385/949 938/1379/949
f 938/1379/950 943/1385/950 939/1380/950 934/1374/950
f 939/1380/951 944/1386/951 945/1387/951 940/1381/951
f 940/1381/952 945/1387/952 946/1388/952 941/1382/952
f 941/1383/953 946/1389/953 947/1390/953 942/1384/953
f 942/1384/954 947/1390/954 948/1391/954 943/1385/954
f 943/1385/955 948/1391/955 944/1386/955 939/1380/955
f 944/1386/956 779/1182/956 780/1185/956 945/1387/956
f 945/1387/957 780/1185/957 781/1187/957 946/1388/957
f 946/1389/958 781/1188/958 782/1191/958 947/1390/958
f 947/1390/959 782/1191/959 783/1193/959 948/1391/959
f 948/1391/960 783/1193/960 779/1182/960 944/1386/960
g Ring_3_Torus.006
v 0.546477 0.880000 0.156700
v 0.538669 0.878044 0.162621
v 0.530360 0.878791 0.157121
v 0.533033 0.881209 0.147801
v 0.542993 0.881956 0.147541
v 0.530207 0.981359 0.178324
v 0.522567 0.978356 0.184022
v 0.514530 0.977408 0.178161
v 0.517202 0.979826 0.168841
v 0.526891 0.982267 0.168942
v 0.495880 1.079266 0.193876
v 0.488595 1.075251 0.199413
v 0.481132 1.072667 0.193292
v 0.483804 1.075085 0.183972
v 0.492920 1.079163 0.184333
v 0.444668 1.170387 0.202826
v 0.437912 1.165431 0.208270
v 0.431304 1.161324 0.202000
v 0.433977 1.163741 0.192680
v 0.442236 1.169343 0.193190
v 0.378312 1.251619 0.204868
v 0.372242 1.245824 0.210292
v 0.366744 1.240359 0.203987
v 0.369416 1.242777 0.194667
v 0.376566 1.249736 0.195212
v 0.299074 1.320197 0.199934
v 0.293822 1.313693 0.205409
v 0.289649 1.307082 0.199187
v 0.292321 1.309499 0.189867
v 0.298146 1.317605 0.190329
v 0.209651 1.373784 0.188192
v 0.205323 1.366727 0.193788
v 0.202644 1.359219 0.187762
v 0.205317 1.361637 0.178442
v 0.209647 1.370638 0.178708
v 0.113089 1.410556 0.170041
v 0.109758 1.403119 0.175824
v 0.108694 1.394997 0.170102
v 0.111366 1.397414 0.160782
v 0.114082 1.407030 0.160744
v 0.012675 1.429260 0.146099
v 0.010382 1.421630 0.152130
v 0.010996 1.413195 0.146808
v 0.013668 1.415612 0.137488
v 0.014706 1.425541 0.137050
v -0.088170 1.429260 0.117182
v -0.089421 1.421630 0.123512
v -0.087121 1.413195 0.118673
v -0.084449 1.415612 0.109353
v -0.085097 1.425541 0.108432
v -0.186012 1.410556 0.084275
v -0.186253 1.403119 0.090944
v -0.182317 1.394997 0.086656
v -0.179645 1.397414 0.077336
v -0.181929 1.407030 0.075864
v -0.277521 1.373784 0.048498
v -0.276816 1.366727 0.055537
v -0.271351 1.359219 0.051846
v -0.268678 1.361637 0.042526
v -0.272491 1.370638 0.040457
v -0.359578 1.320197 0.011069
v -0.358025 1.313693 0.018495
v -0.351189 1.307082 0.015430
v -0.348516 1.309499 0.006110
v -0.353701 1.317605 0.003415
v -0.429391 1.251619 -0.026737
v -0.427117 1.245824 -0.018921
v -0.419113 1.240359 -0.021354
v -0.416441 1.242777 -0.030674
v -0.422793 1.249736 -0.034001
v -0.484581 1.170387 -0.063632
v -0.481737 1.165431 -0.055435
v -0.472810 1.161324 -0.057251
v -0.470138 1.163741 -0.066571
v -0.477412 1.169343 -0.070515
v -0.523269 1.079266 -0.098360
v -0.520025 1.075251 -0.089804
v -0.510452 1.072667 -0.091040
v -0.507780 1.075085 -0.100360
v -0.515701 1.079163 -0.104884
v -0.544138 0.981359 -0.129739
v -0.540679 0.978356 -0.120859
v -0.530757 0.977408 -0.121570
v -0.528084 0.979826 -0.130890
v -0.536355 0.982267 -0.135939
v -0.546477 0.880000 -0.156700
v -0.542993 0.878044 -0.147541
v -0.533033 0.878791 -0.147801
v -0.530360 0.881209 -0.157121
v -0.538669 0.881956 -0.162621
v -0.530207 0.778641 -0.178324
v -0.526891 0.777733 -0.168942
v -0.517202 0.780174 -0.168841
v -0.514530 0.782592 -0.178161
v -0.522567 0.781644 -0.184022
v -0.495881 0.680735 -0.193876
v -0.492920 0.680838 -0.184333
v -0.483804 0.684916 -0.183972
v -0.481132 0.687333 -0.193292
v -0.488595 0.684749 -0.199413
v -0.444668 0.589613 -0.202826
v -0.442236 0.590658 -0.193190
v -0.433977 0.596259 -0.192680
v -0.431304 0.598676 -0.202000
v -0.437912 0.594569 -0.208270
v -0.378312 0.508381 -0.204868
v -0.376566 0.510264 -0.195212
v -0.369416 0.517223 -0.194667
v -0.366744 0.519641 -0.203987
v -0.372242 0.514176 -0.210292
v -0.299074 0.439803 -0.199934
v -0.298146 0.442396 -0.190329
v -0.292321 0.450501 -0.189867
v -0.289649 0.452918 -0.199187
v -0.293822 0.446307 -0.205409
v -0.209651 0.386216 -0.188192
v -0.209647 0.389362 -0.178708
v -0.205317 0.398363 -0.178442
v -0.202644 0.400781 -0.187762
v -0.205323 0.393273 -0.193788
v -0.113089 0.349444 -0.170041
v -0.114083 0.352970 -0.160744
v -0.111366 0.362586 -0.160782
v -0.108694 0.365003 -0.170102
v -0.109758 0.356881 -0.175824
v -0.012675 0.330740 -0.146099
v -0.014706 0.334459 -0.137050
v -0.013668 0.344388 -0.137488
v -0.010996 0.346805 -0.146808
v -0.010382 0.338370 -0.152130
v 0.088170 0.330740 -0.117182
v 0.085097 0.334459 -0.108432
v 0.084449 0.344388 -0.109353
v 0.087121 0.346805 -0.118673
v 0.089421 0.338370 -0.123512
v 0.186012 0.349444 -0.084275
v 0.181929 0.352970 -0.075864
v 0.179645 0.362586 -0.077336
v 0.182317 0.365003 -0.086656
v 0.186253 0.356881 -0.090944
v 0.277521 0.386216 -0.048498
v 0.272492 0.389362 -0.040457
v 0.268678 0.398363 -0.042526
v 0.271351 0.400781 -0.051846
v 0.276816 0.393273 -0.055537
v 0.359578 0.439803 -0.011069
v 0.353701 0.442395 -0.003415
v 0.348516 0.450501 -0.006110
v 0.351189 0.452918 -0.015430
v 0.358025 0.446307 -0.018495
v 0.429391 0.508380 0.026737
v 0.422792 0.510264 0.034000
v 0.416440 0.517223 0.030673
v 0.419113 0.519641 0.021354
v 0.427116 0.514175 0.018920
v 0.484581 0.589613 0.063632
v 0.477412 0.590657 0.070515
v 0.470138 0.596259 0.066571
v 0.472810 0.598676 0.057251
v 0.481737 0.594569 0.055435
v 0.523269 0.680734 0.098360
v 0.515701 0.680837 0.104884
v 0.507780 0.684915 0.100360
v 0.510452 0.687333 0.091040
v 0.520025 0.684748 0.089804
v 0.544138 0.778641 0.129739
v 0.536355 0.777733 0.135939
v 0.528084 0.780174 0.130890
v 0.530757 0.782592 0.121570
v 0.540679 0.781644 0.120859
vn 0.6138 -0.0693 0.7865
vn -0.5493 -0.2578 0.7949
vn -0.9510 -0.0895 -0.2959
vn -0.0408 0.2022 -0.9785
vn 0.9273 0.2143 -0.3069
vn 0.5775 0.0733 0.8131
vn -0.5354 -0.3124 0.7847
vn -0.9063 -0.2655 -0.3288
vn -0.0269 0.1476 -0.9887
vn 0.8911 0.3569 -0.2803
vn 0.5163 0.2086 0.8306
vn -0.5120 -0.3642 0.7780
vn -0.8308 -0.4325 -0.3504
vn -0.0035 0.0958 -0.9954
vn 0.8299 0.4922 -0.2628
vn 0.4322 0.3320 0.8385
vn -0.4798 -0.4114 0.7750
vn -0.7269 -0.5847 -0.3601
vn 0.0288 0.0486 -0.9984
vn 0.7457 0.6156 -0.2549
vn 0.3280 0.4392 0.8364
vn -0.4399 -0.4524 0.7758
vn -0.5983 -0.7171 -0.3576
vn 0.0686 0.0075 -0.9976
vn 0.6415 0.7228 -0.2570
vn 0.2073 0.5266 0.8245
vn -0.3936 -0.4859 0.7803
vn -0.4493 -0.8250 -0.3428
vn 0.1149 -0.0259 -0.9930
vn 0.5208 0.8102 -0.2689
vn 0.0742 0.5913 0.8031
vn -0.3427 -0.5107 0.7885
vn -0.2851 -0.9048 -0.3164
vn 0.1658 -0.0507 -0.9849
vn 0.3877 0.8749 -0.2903
vn -0.0668 0.6310 0.7729
vn -0.2887 -0.5259 0.8001
vn -0.1111 -0.9538 -0.2792
vn 0.2198 -0.0659 -0.9733
vn 0.2468 0.9146 -0.3205
vn -0.2108 0.6443 0.7351
vn -0.2336 -0.5310 0.8146
vn 0.0667 -0.9703 -0.2326
vn 0.2749 -0.0710 -0.9588
vn 0.1027 0.9279 -0.3583
vn -0.3530 0.6310 0.6909
vn -0.1791 -0.5259 0.8315
vn 0.2422 -0.9538 -0.1779
vn 0.3294 -0.0659 -0.9419
vn -0.0395 0.9146 -0.4025
vn -0.4885 0.5913 0.6417
vn -0.1272 -0.5107 0.8503
vn 0.4094 -0.9048 -0.1173
vn 0.3813 -0.0507 -0.9231
vn -0.1750 0.8749 -0.4517
vn -0.6127 0.5266 0.5893
vn -0.0797 -0.4859 0.8704
vn 0.5627 -0.8250 -0.0526
vn 0.4288 -0.0259 -0.9030
vn -0.2992 0.8102 -0.5041
vn -0.7214 0.4392 0.5355
vn -0.0381 -0.4524 0.8910
vn 0.6969 -0.7171 0.0138
vn 0.4704 0.0075 -0.8824
vn -0.4079 0.7228 -0.5579
vn -0.8108 0.3320 0.4820
vn -0.0038 -0.4114 0.9115
vn 0.8073 -0.5847 0.0798
vn 0.5047 0.0486 -0.8619
vn -0.4973 0.6156 -0.6114
vn -0.8780 0.2086 0.4308
vn 0.0219 -0.3642 0.9311
vn 0.8902 -0.4325 0.1431
vn 0.5304 0.0958 -0.8423
vn -0.5645 0.4922 -0.6626
vn -0.9206 0.0733 0.3835
vn 0.0382 -0.3124 0.9492
vn 0.9428 -0.2655 0.2015
vn 0.5467 0.1476 -0.8242
vn -0.6071 0.3569 -0.7099
vn -0.9373 -0.0693 0.3417
vn 0.0446 -0.2578 0.9652
vn 0.9633 -0.0895 0.2530
vn 0.5531 0.2022 -0.8082
vn -0.6237 0.2143 -0.7517
vn -0.9273 -0.2143 0.3069
vn 0.0408 -0.2022 0.9785
vn 0.9510 0.0895 0.2959
vn 0.5493 0.2578 -0.7949
vn -0.6138 0.0693 -0.7865
vn -0.8911 -0.3569 0.2803
vn 0.0269 -0.1476 0.9887
vn 0.9063 0.2655 0.3288
vn 0.5354 0.3124 -0.7847
vn -0.5775 -0.0733 -0.8131
vn -0.8299 -0.4922 0.2628
vn 0.0035 -0.0958 0.9954
vn 0.8308 0.4325 0.3504
vn 0.5120 0.3642 -0.7780
vn -0.5163 -0.2086 -0.8306
vn -0.7457 -0.6156 0.2549
vn -0.0288 -0.0486 0.9984
vn 0.7269 0.5847 0.3601
vn 0.4798 0.4114 -0.7750
vn -0.4322 -0.3320 -0.8385
vn -0.6415 -0.7228 0.2570
vn -0.0686 -0.0075 0.9976
vn 0.5983 0.7171 0.3576
vn 0.4399 0.4524 -0.7758
vn -0.3280 -0.4392 -0.8364
vn -0.5208 -0.8102 0.2689
vn -0.1149 0.0259 0.9930
vn 0.4493 0.8250 0.3428
vn 0.3936 0.4859 -0.7803
vn -0.2073 -0.5266 -0.8245
vn -0.3877 -0.8749 0.2903
vn -0.1658 0.0507 0.9849
vn 0.2851 0.9048 0.3164
vn 0.3427 0.5107 -0.7885
vn -0.0742 -0.5913 -0.8031
vn -0.2468 -0.9146 0.3205
vn -0.2198 0.0659 0.9733
vn 0.1111 0.9538 0.2792
vn 0.2887 0.5259 -0.8001
vn 0.0668 -0.6310 -0.7729
vn -0.1027 -0.9279 0.3583
vn -0.2749 0.0710 0.9588
vn -0.0667 0.9703 0.2326
vn 0.2336 0.5310 -0.8146
vn 0.2108 -0.6443 -0.7351
vn 0.0395 -0.9146 0.4025
vn -0.3294 0.0659 0.9419
vn -0.2422 0.9538 0.1779
vn 0.1791 0.5259 -0.8315
vn 0.3530 -0.6310 -0.6909
vn 0.1750 -0.8749 0.4517
vn -0.3813 0.0507 0.9231
vn -0.4094 0.9048 0.1173
vn 0.1272 0.5107 -0.8503
vn 0.4885 -0.5913 -0.6417
vn 0.2992 -0.8102 0.5041
vn -0.4288 0.0259 0.9030
vn -0.5627 0.8250 0.0526
vn 0.0797 0.4859 -0.8704
vn 0.6127 -0.5266 -0.5893
vn 0.4079 -0.7228 0.5579
vn -0.4704 -0.0075 0.8824
vn -0.6969 0.7171 -0.0138
vn 0.0381 0.4524 -0.8910
vn 0.7214 -0.4392 -0.5355
vn 0.4973 -0.6156 0.6114
vn -0.5047 -0.0486 0.8619
vn -0.8073 0.5847 -0.0798
vn 0.0038 0.4114 -0.9115
vn 0.8108 -0.3320 -0.4820
vn 0.5645 -0.4922 0.6626
vn -0.5304 -0.0958 0.8423
vn -0.8902 0.4325 -0.1431
vn -0.0219 0.3642 -0.9311
vn 0.8780 -0.2086 -0.4308
vn 0.6071 -0.3569 0.7099
vn -0.5467 -0.1476 0.8242
vn -0.9428 0.2655 -0.2015
vn -0.0382 0.3124 -0.9492
vn 0.9206 -0.0733 -0.3835
vn 0.6237 -0.2143 0.7517
vn -0.5531 -0.2022 0.8082
vn -0.9633 0.0895 -0.2530
vn -0.0446 0.2578 -0.9652
vn 0.9373 0.0693 -0.3417
vt 0.500000 0.600000
vt 0.529412 0.600000
vt 0.529412 0.800000
vt 0.500000 0.800000
vt 0.529412 1.000000
vt 0.500000 1.000000
vt 0.500000 0.000000
vt 0.529412 0.000000
vt 0.529412 0.200000
vt 0.500000 0.200000
vt 0.529412 0.400000
vt 0.500000 0.400000
vt 0.558824 0.600000
vt 0.558824 0.800000
vt 0.558824 1.000000
vt 0.558824 0.000000
vt 0.558824 0.200000
vt 0.558824 0.400000
vt 0.588235 0.600000
vt 0.588235 0.800000
vt 0.588235 1.000000
vt 0.588235 0.000000
vt 0.588235 0.200000
vt 0.588235 0.400000
vt 0.617647 0.600000
vt 0.617647 0.800000
vt 0.617647 1.000000
vt 0.617647 0.000000
vt 0.617647 0.200000
vt 0.617647 0.400000
vt 0.647059 0.600000
vt 0.647059 0.800000
vt 0.647059 1.000000
vt 0.647059 0.000000
vt 0.647059 0.200000
vt 0.647059 0.400000
vt 0.676471 0.600000
vt 0.676471 0.800000
vt 0.676471 1.000000
vt 0.676471 0.000000
vt 0.676471 0.200000
vt 0.676471 0.400000
vt 0.705882 0.600000
vt 0.705882 0.800000
vt 0.705882 1.000000
vt 0.705882 0.000000
vt 0.705882 0.200000
vt 0.705882 0.400000
vt 0.735294 0.600000
vt 0.735294 0.800000
vt 0.735294 1.000000
vt 0.735294 0.000000
vt 0.735294 0.200000
vt 0.735294 0.400000
vt 0.764706 0.600000
vt 0.764706 0.800000
vt 0.764706 1.000000
vt 0.764706 0.000000
vt 0.764706 0.200000
vt 0.764706 0.400000
vt 0.794118 0.600000
vt 0.794118 0.800000
vt 0.794118 1.000000
vt 0.794118 0.000000
vt 0.794118 0.200000
vt 0.794118 0.400000
vt 0.823529 0.600000
vt 0.823529 0.800000
vt 0.823529 1.000000
vt 0.823529 0.000000
vt 0.823529 0.200000
vt 0.823529 0.400000
vt 0.852941 0.600000
vt 0.852941 0.800000
vt 0.852941 1.000000
vt 0.852941 0.000000
vt 0.852941 0.200000
vt 0.852941 0.400000
vt 0.882353 0.600000
vt 0.882353 0.800000
vt 0.882353 1.000000
vt 0.882353 0.000000
vt 0.882353 0.200000
vt 0.882353 0.400000
vt 0.911765 0.600000
vt 0.911765 0.800000
vt 0.911765 1.000000
vt 0.911765 0.000000
vt 0.911765 0.200000
vt 0.911765 0.400000
vt 0.941176 0.600000
vt 0.941176 0.800000
vt 0.941176 1.000000
vt 0.941176 0.000000
vt 0.941176 0.200000
vt 0.941176 0.400000
vt 0.970588 0.600000
vt 0.970588 0.800000
vt 0.970588 1.000000
vt 0.970588 0.000000
vt 0.970588 0.200000
vt 0.970588 0.400000
vt 1.000000 0.600000
vt 1.000000 0.800000
vt 1.000000 1.000000
vt 1.000000 0.000000
vt 1.000000 0.200000
vt 1.000000 0.400000
vt 0.000000 0.600000
vt 0.029412 0.600000
vt 0.029412 0.800000
vt 0.000000 0.800000
vt 0.029412 1.000000
vt 0.000000 1.000000
vt 0.000000 0.000000
vt 0.029412 0.000000
vt 0.029412 0.200000
vt 0.000000 0.200000
vt 0.029412 0.400000
vt 0.000000 0.400000
vt 0.058824 0.600000
vt 0.058824 0.800000
vt 0.058824 1.000000
vt 0.058824 0.000000
vt 0.058824 0.200000
vt 0.058824 0.400000
vt 0.088235 0.600000
vt 0.088235 0.800000
vt 0.088235 1.000000
vt 0.088235 0.000000
vt 0.088235 0.200000
vt 0.088235 0.400000
vt 0.117647 0.600000
vt 0.117647 0.800000
vt 0.117647 1.000000
vt 0.117647 0.000000
vt 0.117647 0.200000
vt 0.117647 0.400000
vt 0.147059 0.600000
vt 0.147059 0.800000
vt 0.147059 1.000000
vt 0.147059 0.000000
vt 0.147059 0.200000
vt 0.147059 0.400000
vt 0.176471 0.600000
vt 0.176471 0.800000
vt 0.176471 1.000000
vt 0.176471 0.000000
vt 0.176471 0.200000
vt 0.176471 0.400000
vt 0.205882 0.600000
vt 0.205882 0.800000
vt 0.205882 1.000000
vt 0.205882 0.000000
vt 0.205882 0.200000
vt 0.205882 0.400000
vt 0.235294 0.600000
vt 0.235294 0.800000
vt 0.235294 1.000000
vt 0.235294 0.000000
vt 0.235294 0.200000
vt 0.235294 0.400000
vt 0.264706 0.600000
vt 0.264706 0.800000
vt 0.264706 1.000000
vt 0.264706 0.000000
vt 0.264706 0.200000
vt 0.264706 0.400000
vt 0.294118 0.600000
vt 0.294118 0.800000
vt 0.294118 1.000000
vt 0.294118 0.000000
vt 0.294118 0.200000
vt 0.294118 0.400000
vt 0.323529 0.600000
vt 0.323529 0.800000
vt 0.323529 1.000000
vt 0.323529 0.000000
vt 0.323529 0.200000
vt 0.323529 0.400000
vt 0.352941 0.600000
vt 0.352941 0.800000
vt 0.352941 1.000000
vt 0.352941 0.000000
vt 0.352941 0.200000
vt 0.352941 0.400000
vt 0.382353 0.600000
vt 0.382353 0.800000
vt 0.382353 1.000000
vt 0.382353 0.000000
vt 0.382353 0.200000
vt 0.382353 0.400000
vt 0.411765 0.600000
vt 0.411765 0.800000
vt 0.411765 1.000000
vt 0.411765 0.000000
vt 0.411765 0.200000
vt 0.411765 0.400000
vt 0.441176 0.600000
vt 0.441176 0.800000
vt 0.441176 1.000000
vt 0.441176 0.000000
vt 0.441176 0.200000
vt 0.441176 0.400000
vt 0.470588 0.600000
vt 0.470588 0.800000
vt 0.470588 1.000000
vt 0.470588 0.000000
vt 0.470588 0.200000
vt 0.470588 0.400000
s 0
g Ring_3_glow
usemtl glow
f 949/1392/961 954/1393/961 955/1394/961 950/1395/961
f 950/1395/962 955/1394/962 956/1396/962 951/1397/962
f 951/1398/963 956/1399/963 957/1400/963 952/1401/963
f 952/1401/964 957/1400/964 958/1402/964 953/1403/964
f 953/1403/965 958/1402/965 954/1393/965 949/1392/965
f 954/1393/966 959/1404/966 960/1405/966 955/1394/966
f 955/1394/967 960/1405/967 961/1406/967 956/1396/967
f 956/1399/968 961/1407/968 962/1408/968 957/1400/968
f 957/1400/969 962/1408/969 963/1409/969 958/1402/969
f 958/1402/970 963/1409/970 959/1404/970 954/1393/970
f 959/1404/971 964/1410/971 965/1411/971 960/1405/971
f 960/1405/972 965/1411/972 966/1412/972 961/1406/972
f 961/1407/973 966/1413/973 967/1414/973 962/1408/973
f 962/1408/974 967/1414/974 968/1415/974 963/1409/974
f 963/1409/975 968/1415/975 964/1410/975 959/1404/975
f 964/1410/976 969/1416/976 970/1417/976 965/1411/976
f 965/1411/977 970/1417/977 971/1418/977 966/1412/977
f 966/1413/978 971/1419/978 972/1420/978 967/1414/978
f 967/1414/979 972/1420/979 973/1421/979 968/1415/979
f 968/1415/980 973/1421/980 969/1416/980 964/1410/980
f 969/1416/981 974/1422/981 975/1423/981 970/1417/981
f 970/1417/982 975/1423/982 976/1424/982 971/1418/982
f 971/1419/983 976/1425/983 977/1426/983 972/1420/983
f 972/1420/984 977/1426/984 978/1427/984 973/1421/984
f 973/1421/985 978/1427/985 974/1422/985 969/1416/985
f 974/1422/986 979/1428/986 980/1429/986 975/1423/986
f 975/1423/987 980/1429/987 981/1430/987 976/1424/987
f 976/1425/988 981/1431/988 982/1432/988 977/1426/988
f 977/1426/989 982/1432/989 983/1433/989 978/1427/989
f 978/1427/990 983/1433/990 979/1428/990 974/1422/990
f 979/1428/991 984/1434/991 985/1435/991 980/1429/991
f 980/1429/992 985/1435/992 986/1436/992 981/1430/992
f 981/1431/993 986/1437/993 987/1438/993 982/1432/993
f 982/1432/994 987/1438/994 988/1439/994 983/1433/994
f 983/1433/995 988/1439/995 984/1434/995 979/1428/995
f 984/1434/996 989/1440/996 990/1441/996 985/1435/996
f 985/1435/997 990/1441/997 991/1442/997 986/1436/997
f 986/1437/998 991/1443/998 992/1444/998 987/1438/998
f 987/1438/999 992/1444/999 993/1445/999 988/1439/999
f 988/1439/1000 993/1445/1000 989/1440/1000 984/1434/1000
f 989/1440/1001 994/1446/1001 995/1447/1001 990/1441/1001
f 990/1441/1002 995/1447/1002 996/1448/1002 991/1442/1002
f 991/1443/1003 996/1449/1003 997/1450/1003 992/1444/1003
f 992/1444/1004 997/1450/1004 998/1451/1004 993/1445/1004
f 993/1445/1005 998/1451/1005 994/1446/1005 989/1440/1005
f 994/1446/1006 999/1452/1006 1000/1453/1006 995/1447/1006
f 995/1447/1007 1000/1453/1007 1001/1454/1007 996/1448/1007
f 996/1449/1008 1001/1455/1008 1002/1456/1008 997/1450/1008
f 997/1450/1009 1002/1456/1009 1003/1457/1009 998/1451/1009
f 998/1451/1010 1003/1457/1010 999/1452/1010 994/1446/1010
f 999/1452/1011 1004/1458/1011 1005/1459/1011 1000/1453/1011
f 1000/1453/1012 1005/1459/1012 1006/1460/1012 1001/1454/1012
f 1001/1455/1013 1006/1461/1013 1007/1462/1013 1002/1456/1013
f 1002/1456/1014 1007/1462/1014 1008/1463/1014 1003/1457/1014
f 1003/1457/1015 1008/1463/1015 1004/1458/1015 999/1452/1015
f 1004/1458/1016 1009/1464/1016 1010/1465/1016 1005/1459/1016
f 1005/1459/1017 1010/1465/1017 1011/1466/1017 1006/1460/1017
f 1006/1461/1018 1011/1467/1018 1012/1468/1018 1007/1462/1018
f 1007/1462/1019 1012/1468/1019 1013/1469/1019 1008/1463/1019
f 1008/1463/1020 1013/1469/1020 1009/1464/1020 1004/1458/1020
f 1009/1464/1021 1014/1470/1021 1015/1471/1021 1010/1465/1021
f 1010/1465/1022 1015/1471/1022 1016/1472/1022 1011/1466/1022
f 1011/1467/1023 1016/1473/1023 1017/1474/1023 1012/1468/1023
f 1012/1468/1024 1017/1474/1024 1018/1475/1024 1013/1469/1024
f 1013/1469/1025 1018/1475/1025 1014/1470/1025 1009/1464/1025
f 1014/1470/1026 1019/1476/1026 1020/1477/1026 1015/1471/1026
f 1015/1471/1027 1020/1477/1027 1021/1478/1027 1016/1472/1027
f 1016/1473/1028 1021/1479/1028 1022/1480/1028 1017/1474/1028
f 1017/1474/1029 1022/1480/1029 1023/1481/1029 1018/1475/1029
f 1018/1475/1030 1023/1481/1030 1019/1476/1030 1014/1470/1030
f 1019/1476/1031 1024/1482/1031 1025/1483/1031 1020/1477/1031
f 1020/1477/1032 1025/1483/1032 1026/1484/1032 1021/1478/1032
f 1021/1479/1033 1026/1485/1033 1027/1486/1033 1022/1480/1033
f 1022/1480/1034 1027/1486/1034 1028/1487/1034 1023/1481/1034
f 1023/1481/1035 1028/1487/1035 1024/1482/1035 1019/1476/1035
f 1024/1482/1036 1029/1488/1036 1030/1489/1036 1025/1483/1036
f 1025/1483/1037 1030/1489/1037 1031/1490/1037 1026/1484/1037
f 1026/1485/1038 1031/1491/1038 1032/1492/1038 1027/1486/1038
f 1027/1486/1039 1032/1492/1039 1033/1493/1039 1028/1487/1039
f 1028/1487/1040 1033/1493/1040 1029/1488/1040 1024/1482/1040
f 1029/1488/1041 1034/1494/1041 1035/1495/1041 1030/1489/1041
f 1030/1489/1042 1035/1495/1042 1036/1496/1042 1031/1490/1042
f 1031/1491/1043 1036/1497/1043 1037/1498/1043 1032/1492/1043
f 1032/1492/1044 1037/1498/1044 1038/1499/1044 1033/1493/1044
f 1033/1493/1045 1038/1499/1045 1034/1494/1045 1029/1488/1045
f 1034/1500/1046 1039/1501/1046 1040/1502/1046 1035/1503/1046
f 1035/1503/1047 1040/1502/1047 1041/1504/1047 1036/1505/1047
f 1036/1506/1048 1041/1507/1048 1042/1508/1048 1037/1509/1048
f 1037/1509/1049 1042/1508/1049 1043/1510/1049 1038/1511/1049
f 1038/1511/1050 1043/1510/1050 1039/1501/1050 1034/1500/1050
f 1039/1501/1051 1044/1512/1051 1045/1513/1051 1040/1502/1051
f 1040/1502/1052 1045/1513/1052 1046/1514/1052 1041/1504/1052
f 1041/1507/1053 1046/1515/1053 1047/1516/1053 1042/1508/1053
f 1042/1508/1054 1047/1516/1054 1048/1517/1054 1043/1510/1054
f 1043/1510/1055 1048/1517/1055 1044/1512/1055 1039/1501/1055
f 1044/1512/1056 1049/1518/1056 1050/1519/1056 1045/1513/1056
f 1045/1513/1057 1050/1519/1057 1051/1520/1057 1046/1514/1057
f 1046/1515/1058 1051/1521/1058 1052/1522/1058 1047/1516/1058
f 1047/1516/1059 1052/1522/1059 1053/1523/1059 1048/1517/1059
f 1048/1517/1060 1053/1523/1060 1049/1518/1060 1044/1512/1060
f 1049/1518/1061 1054/1524/1061 1055/1525/1061 1050/1519/1061
f 1050/1519/1062 1055/1525/1062 1056/1526/1062 1051/1520/1062
f 1051/1521/1063 1056/1527/1063 1057/1528/1063 1052/1522/1063
f 1052/1522/1064 1057/1528/1064 1058/1529/1064 1053/1523/1064
f 1053/1523/1065 1058/1529/1065 1054/1524/1065 1049/1518/1065
f 1054/1524/1066 1059/1530/1066 1060/1531/1066 1055/1525/1066
f 1055/1525/1067 1060/1531/1067 1061/1532/1067 1056/1526/1067
f 1056/1527/1068 1061/1533/1068 1062/1534/1068 1057/1528/1068
f 1057/1528/1069 1062/1534/1069 1063/1535/1069 1058/1529/1069
f 1058/1529/1070 1063/1535/1070 1059/1530/1070 1054/1524/1070
f 1059/1530/1071 1064/1536/1071 1065/1537/1071 1060/1531/1071
f 1060/1531/1072 1065/1537/1072 1066/1538/1072 1061/1532/1072
f 1061/1533/1073 1066/1539/1073 1067/1540/1073 1062/1534/1073
f 1062/1534/1074 1067/1540/1074 1068/1541/1074 1063/1535/1074
f 1063/1535/1075 1068/1541/1075 1064/1536/1075 1059/1530/1075
f 1064/1536/1076 1069/1542/1076 1070/1543/1076 1065/1537/1076
f 1065/1537/1077 1070/1543/1077 1071/1544/1077 1066/1538/1077
f 1066/1539/1078 1071/1545/1078 1072/1546/1078 1067/1540/1078
f 1067/1540/1079 1072/1546/1079 1073/1547/1079 1068/1541/1079
f 1068/1541/1080 1073/1547/1080 1069/1542/1080 1064/1536/1080
f 1069/1542/1081 1074/1548/1081 1075/1549/1081 1070/1543/1081
f 1070/1543/1082 1075/1549/1082 1076/1550/1082 1071/1544/1082
f 1071/1545/1083 1076/1551/1083 1077/1552/1083 1072/1546/1083
f 1072/1546/1084 1077/1552/1084 1078/1553/1084 1073/1547/1084
f 1073/1547/1085 1078/1553/1085 1074/1548/1085 1069/1542/1085
f 1074/1548/1086 1079/1554/1086 1080/1555/1086 1075/1549/1086
f 1075/1549/1087 1080/1555/1087 1081/1556/1087 1076/1550/1087
f 1076/1551/1088 1081/1557/1088 1082/1558/1088 1077/1552/1088
f 1077/1552/1089 1082/1558/1089 1083/1559/1089 1078/1553/1089
f 1078/1553/1090 1083/1559/1090 1079/1554/1090 1074/1548/1090
f 1079/1554/1091 1084/1560/1091 1085/1561/1091 1080/1555/1091
f 1080/1555/1092 1085/1561/1092 1086/1562/1092 1081/1556/1092
f 1081/1557/1093 1086/1563/1093 1087/1564/1093 1082/1558/1093
f 1082/1558/1094 1087/1564/1094 1088/1565/1094 1083/1559/1094
f 1083/1559/1095 1088/1565/1095 1084/1560/1095 1079/1554/1095
f 1084/1560/1096 1089/1566/1096 1090/1567/1096 1085/1561/1096
f 1085/1561/1097 1090/1567/1097 1091/1568/1097 1086/1562/1097
f 1086/1563/1098 1091/1569/1098 1092/1570/1098 1087/1564/1098
f 1087/1564/1099 1092/1570/1099 1093/1571/1099 1088/1565/1099
f 1088/1565/1100 1093/1571/1100 1089/1566/1100 1084/1560/1100
f 1089/1566/1101 1094/1572/1101 1095/1573/1101 1090/1567/1101
f 1090/1567/1102 1095/1573/1102 1096/1574/1102 1091/1568/1102
f 1091/1569/1103 1096/1575/1103 1097/1576/1103 1092/1570/1103
f 1092/1570/1104 1097/1576/1104 1098/1577/1104 1093/1571/1104
f 1093/1571/1105 1098/1577/1105 1094/1572/1105 1089/1566/1105
f 1094/1572/1106 1099/1578/1106 1100/1579/1106 1095/1573/1106
f 1095/1573/1107 1100/1579/1107 1101/1580/1107 1096/1574/1107
f 1096/1575/1108 1101/1581/1108 1102/1582/1108 1097/1576/1108
f 1097/1576/1109 1102/1582/1109 1103/1583/1109 1098/1577/1109
f 1098/1577/1110 1103/1583/1110 1099/1578/1110 1094/1572/1110
f 1099/1578/1111 1104/1584/1111 1105/1585/1111 1100/1579/1111
f 1100/1579/1112 1105/1585/1112 1106/1586/1112 1101/1580/1112
f 1101/1581/1113 1106/1587/1113 1107/1588/1113 1102/1582/1113
f 1102/1582/1114 1107/1588/1114 1108/1589/1114 1103/1583/1114
f 1103/1583/1115 1108/1589/1115 1104/1584/1115 1099/1578/1115
f 1104/1584/1116 1109/1590/1116 1110/1591/1116 1105/1585/1116
f 1105/1585/1117 1110/1591/1117 1111/1592/1117 1106/1586/1117
f 1106/1587/1118 1111/1593/1118 1112/1594/1118 1107/1588/1118
f 1107/1588/1119 1112/1594/1119 1113/1595/1119 1108/1589/1119
f 1108/1589/1120 1113/1595/1120 1109/1590/1120 1104/1584/1120
f 1109/1590/1121 1114/1596/1121 1115/1597/1121 1110/1591/1121
f 1110/1591/1122 1115/1597/1122 1116/1598/1122 1111/1592/1122
f 1111/1593/1123 1116/1599/1123 1117/1600/1123 1112/1594/1123
f 1112/1594/1124 1117/1600/1124 1118/1601/1124 1113/1595/1124
f 1113/1595/1125 1118/1601/1125 1114/1596/1125 1109/1590/1125
f 1114/1596/1126 949/1392/1126 950/1395/1126 1115/1597/1126
f 1115/1597/1127 950/1395/1127 951/1397/1127 1116/1598/1127
f 1116/1599/1128 951/1398/1128 952/1401/1128 1117/1600/1128
f 1117/1600/1129 952/1401/1129 953/1403/1129 1118/1601/1129
f 1118/1601/1130 953/1403/1130 949/1392/1130 1114/1596/1130
